,Latitude in degrees,Longitude in degrees,Frequency(MHz),EIRP,HDI,popdens
0,-28.6088888888889,16.4969444444444,102.2,82.0,0.713,48.95948
1,-28.6088888888889,16.4969444444444,89.1,16400.0,0.713,
2,-28.6088888888889,16.4969444444444,92.2,82.0,0.713,
3,-28.6088888888889,16.4969444444444,95.4,82.0,0.713,
4,-28.6088888888889,16.4969444444444,98.7,82.0,0.713,
5,-28.6088888888889,16.4969444444444,105.8,82.0,0.713,
6,-26.0666666666667,28.0833333333333,89.1,16.4,0.713,
7,-32.6666666666667,26.8333333333333,94.5,82000.0,0.713,
8,-32.6666666666667,26.8333333333333,91.3,82000.0,0.713,
9,-32.6666666666667,26.8333333333333,88.2,82000.0,0.713,
10,-30.7847222222222,26.5666666666667,101.7,16400.0,0.713,
11,-30.7847222222222,26.5666666666667,107.2,820.0,0.713,
12,-30.7847222222222,26.5666666666667,98.2,1640.0,0.713,
13,-30.7847222222222,26.5666666666667,88.6,16400.0,0.713,
14,-30.7847222222222,26.5666666666667,94.9,16400.0,0.713,
15,-30.7847222222222,26.5666666666667,105.3,16400.0,0.713,
16,-30.7847222222222,26.5666666666667,91.7,16400.0,0.713,
17,-33.7769444444444,24.7091666666667,103.2,16.4,0.713,
18,-33.7769444444444,24.7091666666667,90.1,16.4,0.713,
19,-33.7769444444444,24.7091666666667,99.7,16.4,0.713,
20,-33.7769444444444,24.7091666666667,96.4,16.4,0.713,
21,-33.7769444444444,24.7091666666667,106.8,16.4,0.713,
22,-33.7769444444444,24.7091666666667,93.2,16.4,0.713,
23,-33.5688888888889,18.49,107.9,164.0,0.713,
24,-28.55,20.4,87.8,16400.0,0.713,
25,-28.55,20.4,90.9,16400.0,0.713,
26,-28.55,20.4,97.4,16400.0,0.713,
27,-28.55,20.4,94.1,16400.0,0.713,
28,-26.55,20.4,100.9,16400.0,0.713,
29,-28.55,20.4,104.5,16400.0,0.713,
30,-26.6658333333333,28.7186111111111,107.6,16400.0,0.713,
31,-26.6658333333333,28.7186111111111,92.9,1640.0,0.713,
32,-30.8583333333333,27.4333333333333,94.1,820.0,0.713,
33,-30.8583333333333,27.4333333333333,87.8,820.0,0.713,
34,-30.8583333333333,27.4333333333333,97.4,820.0,0.713,
35,-30.8583333333333,27.4333333333333,100.9,820.0,0.713,
36,-30.8583333333333,27.4333333333333,104.5,820.0,0.713,
37,-30.8583333333333,27.4333333333333,90.9,820.0,0.713,
38,-32.2580555555556,22.5069444444444,97.2,82000.0,0.713,
39,-32.2580555555556,22.5069444444444,87.6,1640.0,0.713,
40,-32.2580555555556,22.5069444444444,100.7,16400.0,0.713,
41,-32.2580555555556,22.5069444444444,107.5,820.0,0.713,
42,-32.2580555555556,22.5069444444444,93.9,16400.0,0.713,
43,-32.2580555555556,22.5069444444444,104.3,16400.0,0.713,
44,-32.2580555555556,22.5069444444444,90.7,16400.0,0.713,
45,-32.6325,26.0491666666667,97.3,8200.0,0.713,
46,-32.6325,26.0491666666667,87.7,8200.0,0.713,
47,-32.6325,26.0491666666667,100.8,8200.0,0.713,
48,-32.6325,26.0491666666667,94.0,8200.0,0.713,
49,-32.6325,26.0491666666667,104.4,8200.0,0.713,
50,-32.6325,26.0491666666667,90.8,8200.0,0.713,
51,-26.1688888888889,28.2808333333333,93.9,164.0,0.713,
52,-25.5605555555556,27.5872222222222,103.0,410.0,0.713,
53,-25.5605555555556,27.5872222222222,99.5,82.0,0.713,
54,-25.5605555555556,27.5872222222222,106.6,82.0,0.713,
55,-28.2361111111111,28.4994444444444,101.9,16400.0,0.713,
56,-28.2361111111111,28.4994444444444,97.1,1640.0,0.713,
57,-28.2361111111111,28.4994444444444,107.8,1640.0,0.713,
58,-28.2361111111111,28.4994444444444,87.6,1640.0,0.713,
59,-28.2361111111111,28.4994444444444,88.8,16400.0,0.713,
60,-28.2361111111111,28.4994444444444,98.4,16400.0,0.713,
61,-28.2361111111111,28.4994444444444,95.1,16400.0,0.713,
62,-28.2361111111111,28.4994444444444,105.5,16400.0,0.713,
63,-28.2361111111111,28.4994444444444,91.9,16400.0,0.713,
64,-32.8536111111111,27.45,100.3,328.0,0.713,
65,-29.1036111111111,26.2305555555556,105.8,328.0,0.713,
66,-29.1036111111111,26.2305555555556,98.7,328.0,0.713,
67,-29.1036111111111,26.2305555555556,105.2,59040.0,0.713,
68,-29.1036111111111,26.2305555555556,101.6,59040.0,0.713,
69,-29.0580555555556,26.1966666666667,100.6,9840.0,0.713,
70,-29.1036111111111,26.2305555555556,88.5,16400.0,0.713,
71,-29.1094444444444,26.1838888888889,97.0,32.8,0.713,
72,-29.1036111111111,26.2305555555556,103.0,16400.0,0.713,
73,-29.1036111111111,26.2305555555556,104.1,4920.0,0.713,
74,-29.1036111111111,26.2305555555556,91.6,16400.0,0.713,
75,-29.1036111111111,26.2305555555556,89.9,16400.0,0.713,
76,-29.1036111111111,26.2305555555556,98.1,19680.0,0.713,
77,-29.1036111111111,26.2305555555556,93.0,16400.0,0.713,
78,-29.1036111111111,26.2305555555556,99.5,16400.0,0.713,
79,-29.1036111111111,26.2305555555556,96.2,16400.0,0.713,
80,-29.1036111111111,26.2305555555556,106.6,16400.0,0.713,
81,-29.1036111111111,26.2305555555556,94.8,19680.0,0.713,
82,-23.0719444444444,28.9866666666667,102.3,328.0,0.713,
83,-23.0719444444444,28.9866666666667,95.5,328.0,0.713,
84,-23.0719444444444,28.9866666666667,92.3,328.0,0.713,
85,-23.0719444444444,28.9866666666667,105.9,328.0,0.713,
86,-23.0719444444444,28.9866666666667,89.2,328.0,0.713,
87,-30.0077777777778,27.2152777777778,91.2,36080.0,0.713,
88,-30.0077777777778,27.2152777777778,97.7,16400.0,0.713,
89,-30.0077777777778,27.2152777777778,94.4,8954.4,0.713,
90,-30.0077777777778,27.2152777777778,101.2,36080.0,0.713,
91,-30.0077777777778,27.2152777777778,88.1,36080.0,0.713,
92,-30.0077777777778,27.2152777777778,104.8,36080.0,0.713,
93,-27.1247222222222,23.9877777777778,88.3,16400.0,0.713,
94,-27.1247222222222,23.9877777777778,94.6,16400.0,0.713,
95,-27.1247222222222,23.9877777777778,91.4,6560.0,0.713,
96,-23.4952777777778,29.7183333333333,89.3,410.0,0.713,
97,-30.1,20.4333333333333,93.6,16400.0,0.713,
98,-30.1,20.4333333333333,90.5,16400.0,0.713,
99,-30.1,20.4333333333333,96.8,16400.0,0.713,
100,-30.1,20.4333333333333,100.1,16400.0,0.713,
101,-30.1,20.4333333333333,103.6,16400.0,0.713,
102,-30.1,20.4333333333333,107.2,16400.0,0.713,
103,-25.7111111111111,27.8875,106.6,820.0,0.713,
104,-25.8069444444444,28.5013888888889,104.2,8200.0,0.713,
105,-31.0005555555556,26.3391666666667,103.9,32.8,0.713,
106,-31.0005555555556,26.3391666666667,93.8,1640.0,0.713,
107,-31.0005555555556,26.3391666666667,90.0,1640.0,0.713,
108,-31.0005555555556,26.3391666666667,107.6,32.8,0.713,
109,-31.0005555555556,26.3391666666667,97.1,32.8,0.713,
110,-24.8558333333333,31.1083333333333,88.4,820.0,0.713,
111,-32.2763888888889,28.2069444444444,88.0,24600.0,0.713,
112,-32.2763888888889,28.2069444444444,106.1,164.0,0.713,
113,-32.2763888888889,28.2069444444444,101.1,24600.0,0.713,
114,-32.2763888888889,28.2069444444444,94.3,24600.0,0.713,
115,-32.2763888888889,28.2069444444444,97.6,24600.0,0.713,
116,-32.2763888888889,28.2069444444444,104.7,24600.0,0.713,
117,-32.2763888888889,28.2069444444444,91.1,24600.0,0.713,
118,-31.5541666666667,27.7505555555556,99.9,820.0,0.713,
119,-31.5083333333333,27.6944444444444,100.3,164.0,0.713,
120,-31.5541666666667,27.7505555555556,96.6,49200.0,0.713,
121,-31.5541666666667,27.7505555555556,103.4,16400.0,0.713,
122,-31.5541666666667,27.7505555555556,90.3,16400.0,0.713,
123,-31.5541666666667,27.7505555555556,107.0,16400.0,0.713,
124,-31.5541666666667,27.7505555555556,93.4,16400.0,0.713,
125,-31.3841666666667,19.7825,88.4,82000.0,0.713,
126,-31.3841666666667,19.7825,98.0,1640.0,0.713,
127,-31.3841666666667,19.7825,91.5,82000.0,0.713,
128,-31.3841666666667,19.7825,101.5,16400.0,0.713,
129,-31.3841666666667,19.7825,94.7,16400.0,0.713,
130,-31.3841666666667,19.7825,105.1,16400.0,0.713,
131,-34.0541666666667,18.3875,90.4,16400.0,0.713,
132,-34.0541666666667,18.3875,102.1,16400.0,0.713,
133,-33.9583333333333,18.4625,104.5,32.8,0.713,
134,-34.0541666666667,18.3875,89.0,16400.0,0.713,
135,-34.0541666666667,18.3875,98.6,16400.0,0.713,
136,-34.0541666666667,18.3875,95.3,16400.0,0.713,
137,-34.0541666666667,18.3875,105.7,16400.0,0.713,
138,-34.0541666666667,18.3875,92.1,16400.0,0.713,
139,-30.9038888888889,22.3747222222222,99.0,16400.0,0.713,
140,-30.9038888888889,22.3747222222222,92.5,82000.0,0.713,
141,-30.9038888888889,22.3747222222222,89.4,82000.0,0.713,
142,-30.9038888888889,22.3747222222222,102.5,16400.0,0.713,
143,-30.9038888888889,22.3747222222222,95.7,16400.0,0.713,
144,-30.9038888888889,22.3747222222222,106.1,16400.0,0.713,
145,-26.1769444444444,30.6325,89.9,14760.0,0.713,
146,-26.1769444444444,30.6325,103.0,14760.0,0.713,
147,-26.1769444444444,30.6325,96.2,14760.0,0.713,
148,-26.1769444444444,30.6325,93.0,14760.0,0.713,
149,-26.1769444444444,30.6325,106.6,14760.0,0.713,
150,-26.1769444444444,30.6325,94.8,14596.0,0.713,
151,-26.1769444444444,30.6325,99.5,14760.0,0.713,
152,-33.2527777777778,19.4588888888889,93.7,1640.0,0.713,
153,-33.2527777777778,19.4588888888889,100.2,32800.0,0.713,
154,-33.2527777777778,19.4588888888889,90.6,32800.0,0.713,
155,-33.2527777777778,19.4588888888889,103.7,32800.0,0.713,
156,-33.2527777777778,19.4588888888889,96.9,32800.0,0.713,
157,-33.2527777777778,19.4588888888889,107.3,32800.0,0.713,
158,-27.8841666666667,24.9305555555556,93.6,16400.0,0.713,
159,-27.8841666666667,24.9305555555556,103.6,18040.0,0.713,
160,-27.8841666666667,24.9305555555556,90.5,18040.0,0.713,
161,-27.8841666666667,24.9305555555556,96.8,9020.0,0.713,
162,-27.8841666666667,24.9305555555556,107.2,18040.0,0.713,
163,-34.0247222222222,24.43,104.1,1640.0,0.713,
164,-32.2166666666667,27.55,89.4,8200.0,0.713,
165,-31.9991666666667,27.5119444444444,91.8,16400.0,0.713,
166,-30.7083333333333,25.0577777777778,100.4,32.8,0.713,
167,-30.7083333333333,25.0577777777778,103.8,1640.0,0.713,
168,-30.7083333333333,25.0577777777778,107.5,32.8,0.713,
169,-30.7083333333333,25.0577777777778,97.0,32.8,0.713,
170,-30.7083333333333,25.0577777777778,93.8,32.8,0.713,
171,-32.3002777777778,25.5408333333333,89.6,19680.0,0.713,
172,-32.3002777777778,25.5408333333333,99.2,19680.0,0.713,
173,-32.3002777777778,25.5408333333333,102.7,19680.0,0.713,
174,-32.3002777777778,25.5408333333333,95.9,19680.0,0.713,
175,-32.3002777777778,25.5408333333333,106.3,19680.0,0.713,
176,-32.3002777777778,25.5408333333333,92.7,19680.0,0.713,
177,-33.1333333333333,27.5,92.5,820.0,0.713,
178,-28.2052777777778,23.5508333333333,88.4,82000.0,0.713,
179,-28.2052777777778,23.5508333333333,91.5,82000.0,0.713,
180,-28.2052777777778,23.5508333333333,94.7,82000.0,0.713,
181,-28.2052777777778,23.5508333333333,101.5,82000.0,0.713,
182,-28.2052777777778,23.5508333333333,105.1,82000.0,0.713,
183,-26.4583333333333,29.6238888888889,105.8,16400.0,0.713,
184,-26.4583333333333,29.6238888888889,103.5,16400.0,0.713,
185,-26.4583333333333,29.6238888888889,101.3,1640.0,0.713,
186,-26.4583333333333,29.6238888888889,90.4,16400.0,0.713,
187,-26.4583333333333,29.6238888888889,94.5,16400.0,0.713,
188,-26.4583333333333,29.6238888888889,96.7,16400.0,0.713,
189,-26.4583333333333,29.6238888888889,88.2,16400.0,0.713,
190,-26.4583333333333,29.6238888888889,91.3,16400.0,0.713,
191,-26.4583333333333,29.6238888888889,100.0,16400.0,0.713,
192,-26.4583333333333,29.6238888888889,107.1,16400.0,0.713,
193,-26.4583333333333,29.6238888888889,93.5,16400.0,0.713,
194,-30.6688888888889,24.0236111111111,88.9,1640.0,0.713,
195,-30.4636111111111,23.9877777777778,98.5,16400.0,0.713,
196,-30.4636111111111,23.9877777777778,104.0,1640.0,0.713,
197,-30.4636111111111,23.9877777777778,93.8,16400.0,0.713,
198,-30.4636111111111,23.9877777777778,95.2,16400.0,0.713,
199,-30.4636111111111,23.9877777777778,102.0,16400.0,0.713,
200,-30.4636111111111,23.9877777777778,105.6,16400.0,0.713,
201,-30.4636111111111,23.9877777777778,92.0,16400.0,0.713,
202,-26.6,22.2,89.4,16400.0,0.713,
203,-26.6,22.2,92.5,16400.0,0.713,
204,-26.6,22.2,95.7,16400.0,0.713,
205,-26.6,22.2,99.0,16400.0,0.713,
206,-26.6,22.2,102.5,16400.0,0.713,
207,-26.6,22.2,106.1,16400.0,0.713,
208,-28.3825,24.2872222222222,98.0,8200.0,0.713,
209,-32.4236111111111,26.6494444444444,104.9,16400.0,0.713,
210,-32.4236111111111,26.6494444444444,101.3,16400.0,0.713,
211,-32.4236111111111,26.6494444444444,97.8,16400.0,0.713,
212,-29.9155555555556,29.8552777777778,89.6,16400.0,0.713,
213,-29.9155555555556,29.8552777777778,102.7,16400.0,0.713,
214,-29.9155555555556,29.8552777777778,95.9,16400.0,0.713,
215,-29.9155555555556,29.8552777777778,99.2,16400.0,0.713,
216,-29.9155555555556,29.8552777777778,106.3,16400.0,0.713,
217,-29.9155555555556,29.8552777777778,92.7,16400.0,0.713,
218,-29.0705555555556,23.5302777777778,92.9,16400.0,0.713,
219,-29.0705555555556,23.5302777777778,89.8,16400.0,0.713,
220,-29.0705555555556,23.5302777777778,99.4,16400.0,0.713,
221,-29.0705555555556,23.5302777777778,102.9,14760.0,0.713,
222,-29.0705555555556,23.5302777777778,96.1,14760.0,0.713,
223,-29.0705555555556,23.5302777777778,106.5,15252.0,0.713,
224,-25.5725,30.1880555555556,101.6,16400.0,0.713,
225,-25.5725,30.1880555555556,97.3,820.0,0.713,
226,-25.5725,30.1880555555556,99.7,820.0,0.713,
227,-25.5725,30.1880555555556,100.8,16400.0,0.713,
228,-25.5725,30.1880555555556,90.1,820.0,0.713,
229,-25.5725,30.1880555555556,107.7,16400.0,0.713,
230,-25.5725,30.1880555555556,94.0,16400.0,0.713,
231,-25.5725,30.1880555555556,90.8,16400.0,0.713,
232,-25.5725,30.1880555555556,104.4,16400.0,0.713,
233,-25.5725,30.1880555555556,87.7,16400.0,0.713,
234,-29.7697222222222,30.7166666666667,106.6,41000.0,0.713,
235,-29.7697222222222,30.7166666666667,99.5,41000.0,0.713,
236,-29.6125,31.0886111111111,98.0,1640.0,0.713,
237,-29.7697222222222,30.7166666666667,100.8,41000.0,0.713,
238,-29.8144444444444,30.8855555555556,101.5,410.0,0.713,
239,-29.7697222222222,30.7166666666667,96.8,1640.0,0.713,
240,-29.7697222222222,30.7166666666667,103.0,41000.0,0.713,
241,-29.7697222222222,30.7166666666667,91.5,410.0,0.713,
242,-29.7697222222222,30.7166666666667,89.9,41000.0,0.713,
243,-29.7697222222222,30.7166666666667,94.0,41000.0,0.713,
244,-29.7697222222222,30.7166666666667,87.7,41000.0,0.713,
245,-29.7697222222222,30.7166666666667,93.0,41000.0,0.713,
246,-29.7697222222222,30.7166666666667,97.3,24600.0,0.713,
247,-29.7697222222222,30.7166666666667,104.4,41000.0,0.713,
248,-29.7697222222222,30.7166666666667,90.8,41000.0,0.713,
249,-29.7697222222222,30.7166666666667,96.2,8200.0,0.713,
250,-29.7644444444444,31.04,102.5,9840.0,0.713,
251,-29.7644444444444,31.04,88.4,1640.0,0.713,
252,-29.7644444444444,31.04,100.1,9840.0,0.713,
253,-29.7644444444444,31.04,103.8,9840.0,0.713,
254,-29.7644444444444,31.04,95.7,9840.0,0.713,
255,-29.7644444444444,31.04,89.4,9840.0,0.713,
256,-29.7644444444444,31.04,107.9,9840.0,0.713,
257,-29.7644444444444,31.04,99.0,9840.0,0.713,
258,-29.7644444444444,31.04,106.1,9840.0,0.713,
259,-29.7644444444444,31.04,94.7,410.0,0.713,
260,-29.7644444444444,31.04,92.5,9840.0,0.713,
261,-22.8180555555556,30.3113888888889,96.5,8200.0,0.713,
262,-22.8180555555556,30.3113888888889,93.3,2460.0,0.713,
263,-32.9388888888889,27.8161111111111,101.6,16400.0,0.713,
264,-32.9388888888889,27.8161111111111,97.1,1640.0,0.713,
265,-32.9388888888889,27.8161111111111,95.7,1640.0,0.713,
266,-32.9388888888889,27.8161111111111,88.5,16400.0,0.713,
267,-32.9388888888889,27.8161111111111,107.7,16400.0,0.713,
268,-32.9388888888889,27.8161111111111,98.1,16400.0,0.713,
269,-32.9388888888889,27.8161111111111,94.8,16400.0,0.713,
270,-32.9388888888889,27.8161111111111,104.1,820.0,0.713,
271,-32.9388888888889,27.8161111111111,105.2,16400.0,0.713,
272,-32.9388888888889,27.8161111111111,89.4,1640.0,0.713,
273,-32.9388888888889,27.8161111111111,91.6,16400.0,0.713,
274,-30.7955555555556,28.1194444444444,89.8,82000.0,0.713,
275,-30.7955555555556,28.1194444444444,92.9,82000.0,0.713,
276,-30.7955555555556,28.1194444444444,99.4,82000.0,0.713,
277,-30.7955555555556,28.1194444444444,96.1,82000.0,0.713,
278,-30.7955555555556,28.1194444444444,102.9,82000.0,0.713,
279,-30.7955555555556,28.1194444444444,106.5,82000.0,0.713,
280,-31.1766666666667,27.8658333333333,88.3,820.0,0.713,
281,-31.1766666666667,27.8658333333333,94.6,820.0,0.713,
282,-31.1766666666667,27.8658333333333,97.9,820.0,0.713,
283,-31.1766666666667,27.8658333333333,101.4,820.0,0.713,
284,-31.1766666666667,27.8658333333333,105.0,820.0,0.713,
285,-31.1766666666667,27.8658333333333,91.4,820.0,0.713,
286,-32.1441666666667,28.6694444444444,87.6,16400.0,0.713,
287,-32.1441666666667,28.6694444444444,103.4,16400.0,0.713,
288,-25.4186111111111,26.2211111111111,98.1,1640.0,0.713,
289,-25.4186111111111,26.2211111111111,91.6,492.0,0.713,
290,-25.4186111111111,26.2211111111111,101.6,492.0,0.713,
291,-25.4186111111111,26.2211111111111,94.8,492.0,0.713,
292,-25.4186111111111,26.2211111111111,88.5,492.0,0.713,
293,-25.4186111111111,26.2211111111111,105.2,492.0,0.713,
294,-26.7627777777778,30.1313888888889,104.0,1640.0,0.713,
295,-28.8580555555556,31.2936111111111,100.4,16400.0,0.713,
296,-28.8580555555556,31.2936111111111,103.4,16400.0,0.713,
297,-28.8580555555556,31.2936111111111,107.7,1640.0,0.713,
298,-28.8580555555556,31.2936111111111,96.6,16400.0,0.713,
299,-28.8580555555556,31.2936111111111,90.3,16400.0,0.713,
300,-28.8580555555556,31.2936111111111,99.9,16400.0,0.713,
301,-28.8580555555556,31.2936111111111,107.0,16400.0,0.713,
302,-28.8580555555556,31.2936111111111,104.0,1640.0,0.713,
303,-28.8580555555556,31.2936111111111,93.4,16400.0,0.713,
304,-28.8422222222222,27.2125,97.0,1640.0,0.713,
305,-27.0997222222222,22.405,93.0,8200.0,0.713,
306,-27.0997222222222,22.405,99.5,8200.0,0.713,
307,-27.0997222222222,22.405,89.9,8200.0,0.713,
308,-27.0997222222222,22.405,96.2,8200.0,0.713,
309,-27.0997222222222,22.405,103.0,8200.0,0.713,
310,-27.0997222222222,22.405,106.6,8200.0,0.713,
311,-27.0997222222222,27.8575,100.2,16.4,0.713,
312,-28.8766666666667,27.8575,93.7,16.4,0.713,
313,-28.8766666666667,27.8575,103.7,16.4,0.713,
314,-28.8766666666667,27.8575,88.3,8200.0,0.713,
315,-28.8766666666667,27.8575,91.4,8200.0,0.713,
316,-28.8766666666667,27.8575,94.6,8200.0,0.713,
317,-28.8766666666667,27.8575,101.4,8200.0,0.713,
318,-28.8766666666667,27.8575,97.9,8200.0,0.713,
319,-28.8766666666667,27.8575,105.0,8200.0,0.713,
320,-28.8766666666667,27.8575,90.6,16.4,0.713,
321,-28.8766666666667,27.8575,96.9,16.4,0.713,
322,-28.8766666666667,27.8575,107.3,16.4,0.713,
323,-34.1497222222222,18.4366666666667,96.7,32.8,0.713,
324,-34.1497222222222,18.4366666666667,90.7,32.8,0.713,
325,-34.1497222222222,18.4366666666667,100.0,32.8,0.713,
326,-33.9072222222222,19.0738888888889,87.6,164.0,0.713,
327,-33.9072222222222,19.0738888888889,100.7,32.8,0.713,
328,-33.9072222222222,19.0738888888889,97.2,32.8,0.713,
329,-33.9072222222222,19.0738888888889,93.9,32.8,0.713,
330,-33.9072222222222,19.0738888888889,104.3,32.8,0.713,
331,-33.9072222222222,19.0738888888889,90.7,32.8,0.713,
332,-32.05,21.9666666666667,89.9,49200.0,0.713,
333,-32.05,21.9666666666667,93.0,49200.0,0.713,
334,-32.05,21.9666666666667,96.2,49200.0,0.713,
335,-32.05,21.9666666666667,99.5,49200.0,0.713,
336,-32.05,21.9666666666667,103.0,49200.0,0.713,
337,-32.05,21.9666666666667,106.6,49200.0,0.713,
338,-24.7530555555556,29.6783333333333,93.1,1640.0,0.713,
339,-22.7838888888889,30.7069444444444,91.3,328.0,0.713,
340,-22.7838888888889,30.7069444444444,94.5,328.0,0.713,
341,-22.7838888888889,30.7069444444444,88.2,2460.0,0.713,
342,-23.6238888888889,27.9708333333333,90.9,16400.0,0.713,
343,-30.0666666666667,18.8166666666667,89.3,1640.0,0.713,
344,-30.0666666666667,18.8166666666667,95.6,1640.0,0.713,
345,-30.0666666666667,18.8166666666667,92.4,1640.0,0.713,
346,-30.0666666666667,18.8166666666667,102.4,1640.0,0.713,
347,-30.0666666666667,18.8166666666667,106.0,1640.0,0.713,
348,-26.6033333333333,24.2666666666667,101.4,8200.0,0.713,
349,-26.6033333333333,24.2666666666667,105.0,3280.0,0.713,
350,-26.6033333333333,24.2666666666667,97.9,4920.0,0.713,
351,-25.6033333333333,28.0236111111111,103.9,13120.0,0.713,
352,-25.6033333333333,28.0236111111111,107.5,13120.0,0.713,
353,-25.6033333333333,28.0236111111111,100.4,13120.0,0.713,
354,-30.3144444444444,18.0786111111111,90.7,4264.0,0.713,
355,-30.3144444444444,18.0786111111111,97.2,4264.0,0.713,
356,-30.3144444444444,18.0786111111111,87.6,4264.0,0.713,
357,-30.3144444444444,18.0786111111111,100.7,4264.0,0.713,
358,-30.3144444444444,18.0786111111111,93.9,4920.0,0.713,
359,-30.3144444444444,18.0786111111111,104.3,4264.0,0.713,
360,-33.9272222222222,22.4511111111111,90.1,8200.0,0.713,
361,-33.9597222222222,22.4555555555556,107.8,1640.0,0.713,
362,-33.9272222222222,22.4511111111111,101.7,16400.0,0.713,
363,-33.9272222222222,22.4511111111111,93.2,1640.0,0.713,
364,-33.9272222222222,22.4511111111111,103.2,1640.0,0.713,
365,-33.9272222222222,22.4511111111111,106.8,1640.0,0.713,
366,-33.9597222222222,22.4555555555556,93.8,1640.0,0.713,
367,-33.9272222222222,22.4511111111111,91.7,16400.0,0.713,
368,-33.9272222222222,22.4511111111111,94.9,16400.0,0.713,
369,-33.9272222222222,22.4511111111111,98.2,16400.0,0.713,
370,-33.9272222222222,22.4511111111111,105.3,16400.0,0.713,
371,-33.9272222222222,22.4511111111111,88.6,16400.0,0.713,
372,-28.1511111111111,29.9475,103.1,16400.0,0.713,
373,-28.1511111111111,29.9475,107.8,1640.0,0.713,
374,-28.1511111111111,29.9475,96.3,16400.0,0.713,
375,-28.1511111111111,29.9475,90.0,16400.0,0.713,
376,-28.1511111111111,29.9475,99.6,16400.0,0.713,
377,-28.1511111111111,29.9475,106.7,16400.0,0.713,
378,-28.1511111111111,29.9475,93.1,16400.0,0.713,
379,-34.1555555555556,18.8763888888889,102.7,16.4,0.713,
380,-32.2558333333333,24.5388888888889,90.2,1640.0,0.713,
381,-32.0788888888889,24.4511111111111,103.3,16400.0,0.713,
382,-32.0788888888889,24.4511111111111,107.7,16400.0,0.713,
383,-32.0788888888889,24.4511111111111,96.5,16400.0,0.713,
384,-32.0788888888889,24.4511111111111,106.9,16400.0,0.713,
385,-32.0788888888889,24.4511111111111,93.3,16400.0,0.713,
386,-34.1013888888889,18.9675,101.7,16.4,0.713,
387,-34.1013888888889,18.9675,107.8,8.2,0.713,
388,-34.1013888888889,18.9675,95.9,16.4,0.713,
389,-34.1013888888889,18.9675,94.9,16.4,0.713,
390,-34.1013888888889,18.9675,105.3,16.4,0.713,
391,-33.2875,26.7086111111111,103.5,16400.0,0.713,
392,-33.2875,26.7086111111111,99.0,1640.0,0.713,
393,-33.2875,26.7086111111111,106.1,1640.0,0.713,
394,-33.2875,26.7086111111111,89.7,410.0,0.713,
395,-33.3041666666667,26.5222222222222,102.1,16400.0,0.713,
396,-33.2875,26.7086111111111,90.4,16400.0,0.713,
397,-33.2875,26.7086111111111,100.0,16400.0,0.713,
398,-33.2875,26.7086111111111,96.7,16400.0,0.713,
399,-33.2875,26.7086111111111,107.1,16400.0,0.713,
400,-33.2875,26.7086111111111,93.5,16400.0,0.713,
401,-30.0333333333333,19.5666666666667,88.8,16400.0,0.713,
402,-30.0333333333333,19.5666666666667,91.9,16400.0,0.713,
403,-30.0333333333333,19.5666666666667,95.1,16400.0,0.713,
404,-30.0333333333333,19.5666666666667,98.4,16400.0,0.713,
405,-30.0333333333333,19.5666666666667,101.9,16400.0,0.713,
406,-30.0333333333333,19.5666666666667,105.5,16400.0,0.713,
407,-26.8333333333333,28.5,100.6,410.0,0.713,
408,-29.0127777777778,30.5361111111111,90.5,16400.0,0.713,
409,-29.0127777777778,30.5361111111111,101.7,16400.0,0.713,
410,-29.0127777777778,30.5361111111111,88.6,16400.0,0.713,
411,-29.0127777777778,30.5361111111111,94.9,16400.0,0.713,
412,-29.0127777777778,30.5361111111111,98.2,16400.0,0.713,
413,-29.0127777777778,30.5361111111111,105.3,16400.0,0.713,
414,-29.0127777777778,30.5361111111111,91.7,16400.0,0.713,
415,-25.2633333333333,29.2088888888889,98.7,1640.0,0.713,
416,-25.2633333333333,29.2088888888889,96.3,820.0,0.713,
417,-25.6197222222222,26.4355555555556,98.8,1640.0,0.713,
418,-25.6197222222222,26.4355555555556,102.3,164.0,0.713,
419,-25.6197222222222,26.4355555555556,104.0,410.0,0.713,
420,-25.6197222222222,26.4355555555556,92.3,1640.0,0.713,
421,-25.6197222222222,26.4355555555556,95.5,164.0,0.713,
422,-25.6197222222222,26.4355555555556,89.2,164.0,0.713,
423,-25.6197222222222,26.4355555555556,105.9,164.0,0.713,
424,-23.9983333333333,29.9466666666667,103.4,82000.0,0.713,
425,-23.9983333333333,29.9466666666667,99.9,82000.0,0.713,
426,-23.9983333333333,29.9466666666667,107.0,82000.0,0.713,
427,-23.9983333333333,29.9466666666667,93.4,82000.0,0.713,
428,-23.9983333333333,29.9466666666667,96.6,16400.0,0.713,
429,-23.9983333333333,29.9466666666667,90.3,82000.0,0.713,
430,-33.8311111111111,24.8702777777778,97.5,16.4,0.713,
431,-33.8311111111111,24.8702777777778,98.5,328.0,0.713,
432,-33.8311111111111,24.8702777777778,87.9,16.4,0.713,
433,-33.8311111111111,24.8702777777778,101.0,16.4,0.713,
434,-33.8311111111111,24.8702777777778,94.2,16.4,0.713,
435,-33.8311111111111,24.8702777777778,104.6,16.4,0.713,
436,-33.8311111111111,24.8702777777778,91.0,16.4,0.713,
437,-28.2644444444444,29.2111111111111,103.6,16400.0,0.713,
438,-28.2644444444444,29.2111111111111,100.0,16400.0,0.713,
439,-25.4797222222222,31.6055555555556,87.7,656.0,0.713,
440,-33.2875,26.7086111111111,89.8,41.0,0.713,
441,-26.4886111111111,28.3480555555556,100.8,164.0,0.713,
442,-26.4886111111111,28.3480555555556,103.0,82.0,0.713,
443,-26.4886111111111,28.3480555555556,97.8,410.0,0.713,
444,-26.4886111111111,28.3480555555556,94.0,164.0,0.713,
445,-26.4886111111111,28.3480555555556,87.7,164.0,0.713,
446,-26.4886111111111,28.3480555555556,97.3,164.0,0.713,
447,-26.4886111111111,28.3480555555556,104.4,164.0,0.713,
448,-26.4886111111111,28.3480555555556,90.8,164.0,0.713,
449,-26.1013888888889,27.8588888888889,93.9,164.0,0.713,
450,-26.1013888888889,27.8588888888889,104.0,114.8,0.713,
451,-26.1013888888889,27.8588888888889,100.5,114.8,0.713,
452,-27.9016666666667,27.0316666666667,107.6,8200.0,0.713,
453,-34.4130555555556,19.2216666666667,90.8,164.0,0.713,
454,-34.4130555555556,19.2216666666667,91.9,1640.0,0.713,
455,-34.4130555555556,19.2216666666667,100.8,164.0,0.713,
456,-34.4130555555556,19.2216666666667,87.7,164.0,0.713,
457,-34.4130555555556,19.2216666666667,94.0,164.0,0.713,
458,-34.4130555555556,19.2216666666667,97.3,164.0,0.713,
459,-34.4130555555556,19.2216666666667,104.4,164.0,0.713,
460,-33.515,19.6563888888889,98.5,16.4,0.713,
461,-33.515,19.6563888888889,89.9,328.0,0.713,
462,-33.515,19.6563888888889,92.0,16.4,0.713,
463,-33.515,19.6563888888889,102.0,32.8,0.713,
464,-33.515,19.6563888888889,95.2,32.8,0.713,
465,-33.515,19.6563888888889,105.6,32.8,0.713,
466,-24.5416666666667,30.8688888888889,102.0,29520.0,0.713,
467,-24.5416666666667,30.8688888888889,98.0,29520.0,0.713,
468,-24.5416666666667,30.8688888888889,96.4,16400.0,0.713,
469,-24.5416666666667,30.8688888888889,94.4,29520.0,0.713,
470,-24.5416666666667,30.8688888888889,95.2,29520.0,0.713,
471,-24.5416666666667,30.8688888888889,104.0,29520.0,0.713,
472,-24.5416666666667,30.8688888888889,92.0,29520.0,0.713,
473,-24.5416666666667,30.8688888888889,98.5,29520.0,0.713,
474,-24.5416666666667,30.8688888888889,105.6,29520.0,0.713,
475,-24.5416666666667,30.8688888888889,88.9,29520.0,0.713,
476,-29.6402777777778,31.1322222222222,92.3,49200.0,0.713,
477,-29.6402777777778,31.1322222222222,95.5,49200.0,0.713,
478,-29.2,19.8833333333333,90.2,82000.0,0.713,
479,-29.2,19.8833333333333,93.3,82000.0,0.713,
480,-29.2,19.8833333333333,96.5,82000.0,0.713,
481,-29.2,19.8833333333333,99.8,82000.0,0.713,
482,-29.2,19.8833333333333,103.3,82000.0,0.713,
483,-29.2,19.8833333333333,106.9,82000.0,0.713,
484,-34.0122222222222,18.3488888888889,90.9,32.8,0.713,
485,-34.0122222222222,18.3488888888889,100.9,32.8,0.713,
486,-34.0122222222222,18.3488888888889,94.7,164.0,0.713,
487,-34.0122222222222,18.3488888888889,107.0,32.8,0.713,
488,-34.0122222222222,18.3488888888889,87.8,32.8,0.713,
489,-34.0122222222222,18.3488888888889,97.4,32.8,0.713,
490,-34.0122222222222,18.3488888888889,94.1,32.8,0.713,
491,-34.0122222222222,18.3488888888889,104.5,32.8,0.713,
492,-26.075,25.9216666666667,105.4,4920.0,0.713,
493,-26.075,25.9216666666667,98.3,4920.0,0.713,
494,-26.075,25.9216666666667,101.8,8200.0,0.713,
495,-29.7802777777778,25.4080555555555,107.5,820.0,0.713,
496,-26.2055555555556,28.0463888888889,95.4,164.0,0.713,
497,-26.1919444444444,28.0072222222222,99.2,57400.0,0.713,
498,-26.1919444444444,28.0072222222222,102.7,57400.0,0.713,
499,-26.1919444444444,28.0072222222222,101.5,62320.0,0.713,
500,-26.1919444444444,28.0072222222222,92.7,5740.0,0.713,
501,-26.1919444444444,28.0072222222222,106.3,5740.0,0.713,
502,-26.1919444444444,28.0072222222222,98.0,124640.0,0.713,
503,-26.1919444444444,28.0072222222222,94.7,62320.0,0.713,
504,-26.1919444444444,28.0072222222222,95.9,57400.0,0.713,
505,-26.1919444444444,28.0072222222222,88.4,62320.0,0.713,
506,-26.1919444444444,28.0072222222222,106.8,3936.0,0.713,
507,-26.1919444444444,28.0072222222222,96.4,11808.0,0.713,
508,-26.1919444444444,28.0072222222222,89.6,57400.0,0.713,
509,-26.1919444444444,28.0072222222222,103.2,3936.0,0.713,
510,-26.1919444444444,28.0072222222222,107.8,3936.0,0.713,
511,-26.1919444444444,28.0072222222222,99.7,3936.0,0.713,
512,-26.1919444444444,28.0072222222222,105.1,62320.0,0.713,
513,-26.1919444444444,28.0072222222222,90.1,3936.0,0.713,
514,-26.1919444444444,28.0072222222222,91.5,62320.0,0.713,
515,-26.1919444444444,28.0072222222222,101.9,2132.0,0.713,
516,-26.1919444444444,28.0072222222222,93.2,3936.0,0.713,
517,-33.8616666666667,23.7775,88.9,328.0,0.713,
518,-33.8616666666667,23.7775,92.0,328.0,0.713,
519,-33.8616666666667,23.7775,95.2,328.0,0.713,
520,-33.8616666666667,23.7775,105.6,328.0,0.713,
521,-33.8616666666667,23.7775,102.0,328.0,0.713,
522,-27.35,21.6666666666667,91.3,16400.0,0.713,
523,-27.35,21.6666666666667,94.5,16400.0,0.713,
524,-27.35,21.6666666666667,97.8,16400.0,0.713,
525,-27.35,21.6666666666667,104.9,16400.0,0.713,
526,-34.0247222222222,24.43,99.4,9840.0,0.713,
527,-34.0247222222222,24.43,89.8,9840.0,0.713,
528,-34.0247222222222,24.43,102.9,9840.0,0.713,
529,-34.0247222222222,24.43,96.1,9840.0,0.713,
530,-34.0247222222222,24.43,106.5,9840.0,0.713,
531,-34.0247222222222,24.43,92.9,9840.0,0.713,
532,-34.0427777777778,18.6766666666667,98.2,410.0,0.713,
533,-23.8666666666667,27.1333333333333,106.4,16400.0,0.713,
534,-23.8666666666667,27.1333333333333,99.3,16400.0,0.713,
535,-28.8538888888889,24.9052777777778,95.4,16400.0,0.713,
536,-28.7427777777778,24.7675,89.1,1640.0,0.713,
537,-28.8538888888889,24.9052777777778,101.0,16400.0,0.713,
538,-28.8538888888889,24.9052777777778,91.0,16400.0,0.713,
539,-28.8538888888889,24.9052777777778,87.9,16400.0,0.713,
540,-28.8538888888889,24.9052777777778,97.5,16400.0,0.713,
541,-28.8538888888889,24.9052777777778,94.2,16400.0,0.713,
542,-28.8538888888889,24.9052777777778,104.6,16400.0,0.713,
543,-32.6788888888889,27.26,102.5,1640.0,0.713,
544,-32.6788888888889,27.26,99.5,16400.0,0.713,
545,-32.6788888888889,27.26,100.6,1640.0,0.713,
546,-32.6788888888889,27.26,103.0,16400.0,0.713,
547,-32.6788888888889,27.26,96.2,16400.0,0.713,
548,-32.6788888888889,27.26,89.9,16400.0,0.713,
549,-32.6788888888889,27.26,106.6,16400.0,0.713,
550,-32.6788888888889,27.26,93.0,16400.0,0.713,
551,-33.3327777777778,22.5275,100.4,16.4,0.713,
552,-34.3875,19.1411111111111,104.2,131.2,0.713,
553,-34.3875,19.1411111111111,97.1,131.2,0.713,
554,-34.3875,19.1411111111111,107.9,164.0,0.713,
555,-26.7538888888889,26.4080555555556,100.6,1640.0,0.713,
556,-26.7538888888889,26.4080555555556,101.2,16400.0,0.713,
557,-26.7538888888889,26.4080555555556,92.9,16400.0,0.713,
558,-26.7538888888889,26.4080555555556,88.1,16400.0,0.713,
559,-26.7538888888889,26.4080555555556,97.7,16400.0,0.713,
560,-26.7538888888889,26.4080555555556,94.4,16400.0,0.713,
561,-26.7538888888889,26.4080555555556,104.8,16400.0,0.713,
562,-26.7538888888889,26.4080555555556,102.9,3280.0,0.713,
563,-26.7538888888889,26.4080555555556,91.2,16400.0,0.713,
564,-26.7538888888889,26.4080555555556,97.0,16400.0,0.713,
565,-30.9,18.4927777777778,93.1,8200.0,0.713,
566,-25.155,27.7616666666667,102.4,3280.0,0.713,
567,-34.0716666666667,23.0430555555556,102.2,328.0,0.713,
568,-34.0716666666667,23.0430555555556,99.7,410.0,0.713,
569,-34.0716666666667,23.0430555555556,96.4,820.0,0.713,
570,-34.0716666666667,23.0430555555556,100.3,1640.0,0.713,
571,-34.0716666666667,23.0430555555556,92.2,328.0,0.713,
572,-34.0716666666667,23.0430555555556,95.4,328.0,0.713,
573,-34.0716666666667,23.0430555555556,98.7,328.0,0.713,
574,-34.0716666666667,23.0430555555556,105.8,328.0,0.713,
575,-34.0716666666667,23.0430555555556,89.1,328.0,0.713,
576,-30.6116666666667,29.49,87.9,82.0,0.713,
577,-30.6116666666667,29.49,91.0,82.0,0.713,
578,-30.6116666666667,29.49,97.5,1640.0,0.713,
579,-30.6116666666667,29.49,101.0,82.0,0.713,
580,-30.6116666666667,29.49,94.2,82.0,0.713,
581,-30.6116666666667,29.49,104.6,82.0,0.713,
582,-25.2166666666667,31.7833333333333,96.9,32800.0,0.713,
583,-25.2166666666667,31.7833333333333,103.7,32800.0,0.713,
584,-25.2166666666667,31.7833333333333,100.2,1640.0,0.713,
585,-27.2636111111111,27.575,94.9,820.0,0.713,
586,-25.9402777777778,26.7283333333333,107.5,820.0,0.713,
587,-26.2597222222222,29.2611111111111,98.7,1.64,0.713,
588,-27.4211111111111,27.1861111111111,103.4,16400.0,0.713,
589,-27.4211111111111,27.1861111111111,93.4,16400.0,0.713,
590,-27.4211111111111,27.1861111111111,90.3,16400.0,0.713,
591,-27.4211111111111,27.1861111111111,99.9,16400.0,0.713,
592,-27.4211111111111,27.1861111111111,96.6,16400.0,0.713,
593,-27.4211111111111,27.1861111111111,107.0,16400.0,0.713,
594,-27.3513888888889,23.3136111111111,98.4,16400.0,0.713,
595,-27.3513888888889,23.3136111111111,105.5,16400.0,0.713,
596,-27.6,23.3833333333333,107.4,1640.0,0.713,
597,-27.3513888888889,23.3136111111111,101.9,6232.0,0.713,
598,-27.8869444444444,23.5605555555556,102.4,18040.0,0.713,
599,-27.8869444444444,23.5605555555556,92.4,18040.0,0.713,
600,-27.8869444444444,23.5605555555556,98.9,18040.0,0.713,
601,-27.8869444444444,23.5605555555556,104.2,1640.0,0.713,
602,-27.8869444444444,23.5605555555556,89.3,18040.0,0.713,
603,-27.8869444444444,23.5605555555556,95.6,18040.0,0.713,
604,-27.8869444444444,23.5605555555556,106.0,18040.0,0.713,
605,-23.0386111111111,29.6252777777778,107.9,164.0,0.713,
606,-23.0386111111111,29.6252777777778,103.9,1640.0,0.713,
607,-25.2436111111111,28.9575,97.3,16400.0,0.713,
608,-25.2436111111111,28.9575,94.0,16400.0,0.713,
609,-29.9638888888889,30.2380555555556,101.9,820.0,0.713,
610,-25.4394444444444,28.5136111111111,93.8,1968.0,0.713,
611,-33.6316666666667,21.4222222222222,88.3,4100.0,0.713,
612,-33.6316666666667,21.4222222222222,97.9,4100.0,0.713,
613,-33.6316666666667,21.4222222222222,91.4,4100.0,0.713,
614,-33.6316666666667,21.4222222222222,101.4,4100.0,0.713,
615,-33.6316666666667,21.4222222222222,94.6,4100.0,0.713,
616,-33.6316666666667,21.4222222222222,105.0,4100.0,0.713,
617,-29.1716666666667,27.3783333333333,92.1,16400.0,0.713,
618,-29.1716666666667,27.3783333333333,102.1,16400.0,0.713,
619,-29.1716666666667,27.3783333333333,98.6,16400.0,0.713,
620,-29.1716666666667,27.3783333333333,89.0,16400.0,0.713,
621,-29.1716666666667,27.3783333333333,95.3,41000.0,0.713,
622,-29.1716666666667,27.3783333333333,105.7,16400.0,0.713,
623,-30.7061111111111,27.2161111111111,104.4,1.64,0.713,
624,-28.5897222222222,29.7886111111111,101.0,164.0,0.713,
625,-28.5897222222222,29.7886111111111,100.5,1640.0,0.713,
626,-28.5897222222222,29.7886111111111,103.9,1640.0,0.713,
627,-28.5897222222222,29.7886111111111,94.2,164.0,0.713,
628,-28.5897222222222,29.7886111111111,87.9,164.0,0.713,
629,-28.5897222222222,29.7886111111111,97.5,164.0,0.713,
630,-28.5897222222222,29.7886111111111,104.6,164.0,0.713,
631,-28.5897222222222,29.7886111111111,91.0,164.0,0.713,
632,-24.3191666666667,29.4836111111111,105.8,410.0,0.713,
633,-32.77,21.9683333333333,100.3,16.4,0.713,
634,-26.3191666666667,27.8361111111111,92.2,164.0,0.713,
635,-23.8722222222222,31.725,91.5,16400.0,0.713,
636,-23.8722222222222,31.725,94.7,16400.0,0.713,
637,-23.8722222222222,31.725,101.5,16400.0,0.713,
638,-23.8722222222222,31.725,98.0,16400.0,0.713,
639,-25.625,27.8069444444444,99.5,164.0,0.713,
640,-26.26,26.2872222222222,92.6,16400.0,0.713,
641,-30.9588888888889,19.4430555555556,89.1,16400.0,0.713,
642,-28.3375,22.25,89.0,16400.0,0.713,
643,-28.3375,22.25,95.3,16400.0,0.713,
644,-28.3375,22.25,92.1,16400.0,0.713,
645,-28.3375,22.25,98.6,16400.0,0.713,
646,-28.3375,22.25,102.1,16400.0,0.713,
647,-28.3375,22.25,105.7,16400.0,0.713,
648,-28.6613888888889,29.2116666666667,89.4,328.0,0.713,
649,-23.0005555555556,29.7572222222222,100.7,24600.0,0.713,
650,-23.0005555555556,29.7572222222222,105.4,24600.0,0.713,
651,-23.0005555555556,29.7572222222222,91.9,1640.0,0.713,
652,-23.0005555555556,29.7572222222222,93.9,24600.0,0.713,
653,-23.0005555555556,29.7572222222222,90.0,4920.0,0.713,
654,-23.0005555555556,29.7572222222222,90.7,24600.0,0.713,
655,-23.0005555555556,29.7572222222222,97.2,24600.0,0.713,
656,-23.0005555555556,29.7572222222222,104.3,24600.0,0.713,
657,-23.0005555555556,29.7572222222222,87.6,24600.0,0.713,
658,-27.5622222222222,31.2755555555556,101.5,49200.0,0.713,
659,-27.5622222222222,31.2755555555556,98.0,16400.0,0.713,
660,-31.2519444444444,29.4713888888889,91.9,328.0,0.713,
661,-33.9988888888889,25.4919444444444,107.5,820.0,0.713,
662,-25.3994444444444,30.06,99.3,8200.0,0.713,
663,-25.1052777777778,30.4344444444444,89.7,16.4,0.713,
664,-25.1052777777778,30.4344444444444,102.8,16.4,0.713,
665,-25.1052777777778,30.4344444444444,99.9,820.0,0.713,
666,-25.1052777777778,30.4344444444444,93.4,820.0,0.713,
667,-25.1052777777778,30.4344444444444,96.0,16.4,0.713,
668,-25.1052777777778,30.4344444444444,92.8,16.4,0.713,
669,-25.1052777777778,30.4344444444444,106.4,16.4,0.713,
670,-31.0672222222222,28.35,93.5,1640.0,0.713,
671,-26.4577777777778,25.2538888888889,91.7,1148.0,0.713,
672,-26.4577777777778,25.2538888888889,94.9,11480.0,0.713,
673,-26.4577777777778,25.2538888888889,88.6,16400.0,0.713,
674,-24.7138888888889,29.8677777777778,98.7,1640.0,0.713,
675,-25.4463888888889,25.8230555555556,93.5,492.0,0.713,
676,-25.4463888888889,25.8230555555556,96.7,8200.0,0.713,
677,-25.4463888888889,25.8230555555556,90.4,4920.0,0.713,
678,-22.9955555555556,29.8847222222222,107.3,1640.0,0.713,
679,-25.4375,28.2691666666667,91.9,820.0,0.713,
680,-22.8988888888889,30.2525,106.6,8200.0,0.713,
681,-22.8988888888889,30.2525,103.0,8200.0,0.713,
682,-22.8988888888889,30.2525,99.5,410.0,0.713,
683,-30.3958333333333,28.8219444444444,98.0,82000.0,0.713,
684,-30.3958333333333,28.8219444444444,101.5,19680.0,0.713,
685,-30.3958333333333,28.8219444444444,93.8,1640.0,0.713,
686,-30.3958333333333,28.8219444444444,94.7,19680.0,0.713,
687,-30.3958333333333,28.8219444444444,88.4,19680.0,0.713,
688,-30.3958333333333,28.8219444444444,105.1,19680.0,0.713,
689,-30.3958333333333,28.8219444444444,91.5,19680.0,0.713,
690,-33.2811111111111,20.5055555555556,92.8,16400.0,0.713,
691,-33.2811111111111,20.5055555555556,89.7,16400.0,0.713,
692,-33.2811111111111,20.5055555555556,99.3,16400.0,0.713,
693,-33.2811111111111,20.5055555555556,102.8,16400.0,0.713,
694,-33.2811111111111,20.5055555555556,96.0,16400.0,0.713,
695,-33.2811111111111,20.5055555555556,106.4,16400.0,0.713,
696,-25.8738888888889,31.9147222222222,93.7,26240.0,0.713,
697,-27.7338888888889,29.4786111111111,100.9,16400.0,0.713,
698,-25.7708333333333,28.2691666666667,102.1,820.0,0.713,
699,-25.7708333333333,28.2691666666667,93.6,820.0,0.713,
700,-25.7708333333333,28.2691666666667,95.3,820.0,0.713,
701,-25.7708333333333,28.2691666666667,89.0,820.0,0.713,
702,-25.7708333333333,28.2691666666667,98.6,820.0,0.713,
703,-25.7708333333333,28.2691666666667,105.7,65.6,0.713,
704,-32.675,21.5111111111111,101.1,16.4,0.713,
705,-32.675,21.5111111111111,90.4,1640.0,0.713,
706,-25.8177777777778,29.39,101.8,18040.0,0.713,
707,-25.6672222222222,29.6141666666667,89.7,820.0,0.713,
708,-25.8177777777778,29.39,93.1,18040.0,0.713,
709,-25.8177777777778,29.39,97.0,18040.0,0.713,
710,-25.8177777777778,29.39,91.8,18040.0,0.713,
711,-25.8177777777778,29.39,95.0,18040.0,0.713,
712,-25.8177777777778,29.39,103.8,18040.0,0.713,
713,-25.8177777777778,29.39,100.3,18040.0,0.713,
714,-25.8177777777778,29.39,98.3,18040.0,0.713,
715,-25.8177777777778,29.39,105.4,18040.0,0.713,
716,-25.8177777777778,29.39,88.7,18040.0,0.713,
717,-25.8177777777778,29.39,107.4,18040.0,0.713,
718,-25.8177777777778,29.39,106.4,18040.0,0.713,
719,-33.2486111111111,25.5747222222222,95.7,820.0,0.713,
720,-26.0013888888889,28.2647222222222,107.4,164.0,0.713,
721,-26.0013888888889,28.2647222222222,93.8,164.0,0.713,
722,-26.6916666666667,20.3041666666667,102.7,32800.0,0.713,
723,-26.6916666666667,20.3041666666667,106.3,32800.0,0.713,
724,-26.6916666666667,20.3041666666667,95.9,32800.0,0.713,
725,-26.6916666666667,20.3041666666667,99.2,32800.0,0.713,
726,-33.6575,23.1233333333333,90.3,6560.0,0.713,
727,-25.8394444444444,25.6127777777778,88.7,16400.0,0.713,
728,-25.8394444444444,25.6127777777778,91.8,16400.0,0.713,
729,-25.8394444444444,25.6127777777778,95.0,8200.0,0.713,
730,-25.1738888888889,27.2666666666667,91.3,3280.0,0.713,
731,-25.1738888888889,27.2666666666667,88.2,3280.0,0.713,
732,-25.1738888888889,27.2666666666667,94.5,3280.0,0.713,
733,-23.3241666666667,29.2308333333333,98.8,820.0,0.713,
734,-24.1627777777778,29.0580555555556,100.0,1640.0,0.713,
735,-23.3105555555556,30.0444444444444,96.2,8200.0,0.713,
736,-23.3105555555556,30.0444444444444,93.0,16400.0,0.713,
737,-33.7877777777778,20.1436111111111,104.8,32.8,0.713,
738,-33.7877777777778,20.1436111111111,97.1,32.8,0.713,
739,-33.7877777777778,20.1436111111111,107.9,32.8,0.713,
740,-29.1852777777778,29.8677777777778,89.1,16400.0,0.713,
741,-29.1852777777778,29.8677777777778,102.2,16400.0,0.713,
742,-29.1852777777778,29.8677777777778,95.4,16400.0,0.713,
743,-29.1852777777778,29.8677777777778,98.7,16400.0,0.713,
744,-29.1852777777778,29.8677777777778,105.8,16400.0,0.713,
745,-29.1852777777778,29.8677777777778,92.2,16400.0,0.713,
746,-25.2966666666667,26.7033333333333,106.9,4920.0,0.713,
747,-25.2966666666667,26.7033333333333,99.8,4920.0,0.713,
748,-25.2966666666667,26.7033333333333,103.3,4920.0,0.713,
749,-25.9833333333333,23.6833333333333,100.2,4920.0,0.713,
750,-25.9833333333333,23.6833333333333,107.3,4920.0,0.713,
751,-25.9833333333333,23.6833333333333,103.7,4920.0,0.713,
752,-25.2819444444444,25.8716666666667,103.5,8200.0,0.713,
753,-25.2819444444444,25.8716666666667,100.0,8200.0,0.713,
754,-25.2819444444444,25.8716666666667,107.1,8200.0,0.713,
755,-30.8363888888889,29.3947222222222,100.5,3280.0,0.713,
756,-30.8363888888889,29.3947222222222,98.3,820.0,0.713,
757,-30.8363888888889,29.3947222222222,96.4,49200.0,0.713,
758,-30.8363888888889,29.3947222222222,103.2,16400.0,0.713,
759,-30.8363888888889,29.3947222222222,99.7,16400.0,0.713,
760,-30.8363888888889,29.3947222222222,106.8,16400.0,0.713,
761,-30.8363888888889,29.3947222222222,90.1,16400.0,0.713,
762,-30.8363888888889,29.3947222222222,93.2,16400.0,0.713,
763,-30.5,28.4333333333333,90.4,8200.0,0.713,
764,-30.5,28.4333333333333,100.0,8200.0,0.713,
765,-31.9666666666667,23.7544444444444,107.3,3280.0,0.713,
766,-24.5194444444444,28.7138888888889,92.2,32.8,0.713,
767,-34.5291666666667,19.8925,98.9,16400.0,0.713,
768,-34.5291666666667,19.8925,89.3,16400.0,0.713,
769,-34.5291666666667,19.8925,92.4,1640.0,0.713,
770,-34.5291666666667,19.8925,102.4,4920.0,0.713,
771,-34.5291666666667,19.8925,95.6,4920.0,0.713,
772,-34.5291666666667,19.8925,106.0,4920.0,0.713,
773,-32.11,23.0347222222222,101.5,16.4,0.713,
774,-25.5152777777778,30.7763888888889,104.1,820.0,0.713,
775,-25.5152777777778,30.7763888888889,94.3,19680.0,0.713,
776,-25.5152777777778,30.7763888888889,88.0,19680.0,0.713,
777,-25.5152777777778,30.7763888888889,100.5,1640.0,0.713,
778,-25.5152777777778,30.7763888888889,102.5,19680.0,0.713,
779,-25.5152777777778,30.7763888888889,104.7,1640.0,0.713,
780,-25.5152777777778,30.7763888888889,107.3,328.0,0.713,
781,-25.5152777777778,30.7763888888889,101.1,19680.0,0.713,
782,-25.5152777777778,30.7763888888889,91.1,19680.0,0.713,
783,-25.5152777777778,30.7763888888889,95.7,19680.0,0.713,
784,-25.5152777777778,30.7763888888889,92.5,19680.0,0.713,
785,-25.5152777777778,30.7763888888889,89.4,19680.0,0.713,
786,-25.5152777777778,30.7763888888889,99.0,19680.0,0.713,
787,-25.5152777777778,30.7763888888889,106.1,19680.0,0.713,
788,-27.1519444444444,29.9533333333333,103.7,1640.0,0.713,
789,-27.1519444444444,29.9533333333333,96.9,164.0,0.713,
790,-29.175,22.6611111111111,93.4,8200.0,0.713,
791,-29.175,22.6611111111111,90.3,16400.0,0.713,
792,-29.175,22.6611111111111,96.6,16400.0,0.713,
793,-29.175,22.6611111111111,99.9,16400.0,0.713,
794,-29.175,22.6611111111111,103.4,16400.0,0.713,
795,-29.175,22.6611111111111,107.0,16400.0,0.713,
796,-27.5833333333333,20.3083333333333,89.2,16400.0,0.713,
797,-27.5833333333333,20.3083333333333,95.5,16400.0,0.713,
798,-27.5833333333333,20.3083333333333,92.3,16400.0,0.713,
799,-27.5833333333333,20.3083333333333,98.8,16400.0,0.713,
800,-27.5833333333333,20.3083333333333,102.3,16400.0,0.713,
801,-27.5833333333333,20.3083333333333,105.9,16400.0,0.713,
802,-27.905,31.6575,102.9,16400.0,0.713,
803,-27.905,31.6575,97.0,1640.0,0.713,
804,-27.905,31.6575,96.1,16400.0,0.713,
805,-27.905,31.6575,89.8,16400.0,0.713,
806,-27.905,31.6575,99.4,16400.0,0.713,
807,-27.905,31.6575,106.5,16400.0,0.713,
808,-27.905,31.6575,92.9,16400.0,0.713,
809,-31.3038888888889,24.9336111111111,88.3,16400.0,0.713,
810,-31.3038888888889,24.9336111111111,97.9,16400.0,0.713,
811,-31.3038888888889,24.9336111111111,101.4,16400.0,0.713,
812,-31.3038888888889,24.9336111111111,94.6,16400.0,0.713,
813,-31.3038888888889,24.9336111111111,105.0,16400.0,0.713,
814,-31.3038888888889,24.9336111111111,91.4,16400.0,0.713,
815,-28.2619444444444,30.6783333333333,107.1,16400.0,0.713,
816,-28.2619444444444,30.6783333333333,100.6,16400.0,0.713,
817,-24.7994444444444,28.4330555555556,99.4,328.0,0.713,
818,-24.7994444444444,28.4330555555556,92.9,328.0,0.713,
819,-24.7994444444444,28.4330555555556,103.6,328.0,0.713,
820,-24.7994444444444,28.4330555555556,102.9,328.0,0.713,
821,-24.7994444444444,28.4330555555556,100.6,328.0,0.713,
822,-24.7994444444444,28.4330555555556,97.1,1640.0,0.713,
823,-24.7994444444444,28.4330555555556,90.6,13120.0,0.713,
824,-24.7994444444444,28.4330555555556,96.1,328.0,0.713,
825,-24.7994444444444,28.4330555555556,106.5,328.0,0.713,
826,-24.7994444444444,28.4330555555556,89.8,328.0,0.713,
827,-29.8169444444444,24.4019444444444,95.5,164.0,0.713,
828,-26.4552777777778,27.8575,100.6,328.0,0.713,
829,-33.6711111111111,22.2672222222222,96.8,1640.0,0.713,
830,-33.6711111111111,22.2672222222222,90.5,14760.0,0.713,
831,-33.5897222222222,22.2033333333333,104.1,1640.0,0.713,
832,-33.6711111111111,22.2672222222222,102.6,14760.0,0.713,
833,-33.6711111111111,22.2672222222222,103.6,820.0,0.713,
834,-33.6711111111111,22.2672222222222,92.6,14760.0,0.713,
835,-33.6711111111111,22.2672222222222,95.8,14760.0,0.713,
836,-33.6711111111111,22.2672222222222,99.1,14760.0,0.713,
837,-33.6711111111111,22.2672222222222,106.2,14760.0,0.713,
838,-33.6711111111111,22.2672222222222,89.5,14760.0,0.713,
839,-33.7147222222222,18.94,107.7,164.0,0.713,
840,-33.7147222222222,18.94,102.7,164.0,0.713,
841,-33.7147222222222,18.94,95.8,164.0,0.713,
842,-33.7147222222222,18.94,101.6,492.0,0.713,
843,-33.7147222222222,18.94,88.5,492.0,0.713,
844,-33.7147222222222,18.94,98.1,492.0,0.713,
845,-33.7147222222222,18.94,94.8,492.0,0.713,
846,-33.7147222222222,18.94,105.2,492.0,0.713,
847,-33.7147222222222,18.94,91.6,492.0,0.713,
848,-25.1622222222222,28.4044444444444,95.4,16400.0,0.713,
849,-25.1622222222222,28.4044444444444,89.1,16400.0,0.713,
850,-33.9530555555556,25.5886111111111,101.0,164.0,0.713,
851,-33.9530555555556,25.5886111111111,87.9,164.0,0.713,
852,-33.9530555555556,25.5886111111111,97.5,164.0,0.713,
853,-33.9530555555556,25.5886111111111,94.2,164.0,0.713,
854,-33.9530555555556,25.5886111111111,104.6,164.0,0.713,
855,-33.9530555555556,25.5886111111111,91.0,164.0,0.713,
856,-26.9505555555556,27.4602777777778,93.0,820.0,0.713,
857,-33.7602777777778,24.8286111111111,88.8,16.4,0.713,
858,-33.7602777777778,24.8286111111111,101.5,16.4,0.713,
859,-33.7602777777778,24.8286111111111,94.8,16.4,0.713,
860,-33.7602777777778,24.8286111111111,105.0,16.4,0.713,
861,-33.7602777777778,24.8286111111111,91.6,16.4,0.713,
862,-33.7536111111111,24.5619444444444,90.5,16.4,0.713,
863,-33.7536111111111,24.5619444444444,100.1,16.4,0.713,
864,-33.7536111111111,24.5619444444444,103.6,16.4,0.713,
865,-33.7536111111111,24.5619444444444,96.8,16.4,0.713,
866,-33.7536111111111,24.5619444444444,107.2,16.4,0.713,
867,-33.7536111111111,24.5619444444444,93.6,16.4,0.713,
868,-27.5166666666667,28.3183333333333,91.6,16400.0,0.713,
869,-27.5166666666667,28.3183333333333,92.3,18040.0,0.713,
870,-27.5166666666667,28.3183333333333,104.5,1640.0,0.713,
871,-27.5166666666667,28.3183333333333,102.3,18040.0,0.713,
872,-27.5166666666667,28.3183333333333,89.2,16400.0,0.713,
873,-27.5166666666667,28.3183333333333,98.8,18040.0,0.713,
874,-27.5166666666667,28.3183333333333,95.5,18040.0,0.713,
875,-27.5166666666667,28.3183333333333,105.9,18040.0,0.713,
876,-23.9391666666667,31.0319444444444,105.1,820.0,0.713,
877,-28.2488888888889,24.8319444444444,92.8,12464.0,0.713,
878,-28.2488888888889,24.8319444444444,99.3,12464.0,0.713,
879,-28.2488888888889,24.8319444444444,102.8,12464.0,0.713,
880,-28.2488888888889,24.8319444444444,96.0,12464.0,0.713,
881,-28.2488888888889,24.8319444444444,104.0,12464.0,0.713,
882,-28.2488888888889,24.8319444444444,89.7,12464.0,0.713,
883,-28.2488888888889,24.8319444444444,106.4,12464.0,0.713,
884,-27.0197222222222,30.6841666666667,89.0,14596.0,0.713,
885,-27.0197222222222,30.6841666666667,98.6,14760.0,0.713,
886,-27.0197222222222,30.6841666666667,102.1,14760.0,0.713,
887,-27.0197222222222,30.6841666666667,107.4,8200.0,0.713,
888,-27.0197222222222,30.6841666666667,95.3,14760.0,0.713,
889,-27.0197222222222,30.6841666666667,105.7,14760.0,0.713,
890,-27.0197222222222,30.6841666666667,92.1,14760.0,0.713,
891,-29.5797222222222,30.3302777777778,101.4,492.0,0.713,
892,-29.5797222222222,30.3302777777778,98.5,492.0,0.713,
893,-29.5797222222222,30.3302777777778,107.6,492.0,0.713,
894,-29.5797222222222,30.3302777777778,100.3,492.0,0.713,
895,-29.5797222222222,30.3302777777778,94.6,492.0,0.713,
896,-29.5797222222222,30.3302777777778,88.3,492.0,0.713,
897,-29.5797222222222,30.3302777777778,97.9,492.0,0.713,
898,-29.5797222222222,30.3302777777778,105.0,492.0,0.713,
899,-29.5797222222222,30.3302777777778,91.4,492.0,0.713,
900,-23.8869444444444,29.7383333333333,103.8,164.0,0.713,
901,-32.8191666666667,18.7386111111111,88.0,16400.0,0.713,
902,-32.8191666666667,18.7386111111111,101.1,16400.0,0.713,
903,-32.8191666666667,18.7386111111111,107.6,820.0,0.713,
904,-32.8191666666667,18.7386111111111,92.3,820.0,0.713,
905,-32.8191666666667,18.7386111111111,94.3,16400.0,0.713,
906,-32.8191666666667,18.7386111111111,97.6,16400.0,0.713,
907,-32.8191666666667,18.7386111111111,104.7,16400.0,0.713,
908,-32.8191666666667,18.7386111111111,91.1,16400.0,0.713,
