,Long,Lat
0,81.0,73.49627530761094
1,52.3469387755102,72.0176251134728
2,101.93877551020408,72.0176251134728
3,112.95918367346938,72.0176251134728
4,114.79591836734694,72.0176251134728
5,53.1,71.6475002354226
6,114.3,71.6475002354226
7,128.70000000000002,71.6475002354226
8,52.05882352941176,71.27718213797779
9,133.23529411764707,71.27718213797779
10,78.75,70.90666664467562
11,130.67307692307693,70.90666664467562
12,134.1346153846154,70.90666664467562
13,82.35849056603773,70.53594955964849
14,84.05660377358491,70.53594955964849
15,124.81132075471697,70.53594955964849
16,133.30188679245282,70.53594955964849
17,72.5,70.16502666715499
18,82.50000000000001,70.16502666715499
19,84.16666666666667,70.16502666715499
20,89.16666666666666,70.16502666715499
21,114.16666666666667,70.16502666715499
22,125.83333333333333,70.16502666715499
23,135.83333333333331,70.16502666715499
24,145.83333333333331,70.16502666715499
25,170.83333333333334,70.16502666715499
26,30.272727272727273,69.79389373110558
27,31.909090909090907,69.79389373110558
28,61.36363636363637,69.79389373110558
29,87.54545454545455,69.79389373110558
30,89.18181818181817,69.79389373110558
31,141.54545454545453,69.79389373110558
32,171.0,69.79389373110558
33,175.9090909090909,69.79389373110558
34,177.54545454545453,69.79389373110558
35,29.732142857142858,69.4225464945822
36,31.339285714285715,69.4225464945822
37,32.94642857142857,69.4225464945822
38,34.55357142857143,69.4225464945822
39,65.08928571428571,69.4225464945822
40,85.98214285714285,69.4225464945822
41,87.58928571428571,69.4225464945822
42,140.62499999999997,69.4225464945822
43,175.98214285714286,69.4225464945822
44,30.789473684210524,69.0509806793522
45,32.368421052631575,69.0509806793522
46,33.94736842105263,69.0509806793522
47,35.526315789473685,69.0509806793522
48,49.73684210526316,69.0509806793522
49,65.52631578947368,69.0509806793522
50,76.57894736842104,69.0509806793522
51,87.63157894736842,69.0509806793522
52,161.8421052631579,69.0509806793522
53,171.3157894736842,69.0509806793522
54,33.36206896551724,68.67919198537575
55,36.46551724137931,68.67919198537575
56,48.879310344827594,68.67919198537575
57,61.29310344827586,68.67919198537575
58,64.39655172413794,68.67919198537575
59,73.70689655172414,68.67919198537575
60,87.67241379310344,68.67919198537575
61,112.5,68.67919198537575
62,146.63793103448276,68.67919198537575
63,162.1551724137931,68.67919198537575
64,169.91379310344828,68.67919198537575
65,-179.22413793103448,68.67919198537575
66,28.220338983050848,68.30717609030755
67,32.79661016949152,68.30717609030755
68,34.32203389830508,68.30717609030755
69,35.84745762711865,68.30717609030755
70,38.89830508474576,68.30717609030755
71,43.474576271186436,68.30717609030755
72,52.6271186440678,68.30717609030755
73,69.40677966101696,68.30717609030755
74,73.98305084745763,68.30717609030755
75,75.50847457627118,68.30717609030755
76,77.03389830508475,68.30717609030755
77,87.71186440677967,68.30717609030755
78,112.11864406779662,68.30717609030755
79,145.67796610169492,68.30717609030755
80,154.83050847457628,68.30717609030755
81,167.03389830508476,68.30717609030755
82,30.749999999999996,67.93492864899142
83,33.75,67.93492864899142
84,35.25,67.93492864899142
85,39.75,67.93492864899142
86,44.25,67.93492864899142
87,48.74999999999999,67.93492864899142
88,51.75,67.93492864899142
89,53.25,67.93492864899142
90,65.25,67.93492864899142
91,68.25,67.93492864899142
92,72.74999999999999,67.93492864899142
93,75.75,67.93492864899142
94,87.75,67.93492864899142
95,134.25,67.93492864899142
96,135.75,67.93492864899142
97,146.25,67.93492864899142
98,155.25,67.93492864899142
99,165.75,67.93492864899142
100,167.25,67.93492864899142
101,-176.25,67.93492864899142
102,30.245901639344257,67.5624452929487
103,31.721311475409834,67.5624452929487
104,33.19672131147541,67.5624452929487
105,49.42622950819672,67.5624452929487
106,52.37704918032787,67.5624452929487
107,58.27868852459017,67.5624452929487
108,64.18032786885244,67.5624452929487
109,67.1311475409836,67.5624452929487
110,68.60655737704919,67.5624452929487
111,73.03278688524591,67.5624452929487
112,78.9344262295082,67.5624452929487
113,86.31147540983606,67.5624452929487
114,133.52459016393445,67.5624452929487
115,135.0,67.5624452929487
116,136.47540983606555,67.5624452929487
117,152.70491803278685,67.5624452929487
118,154.1803278688525,67.5624452929487
119,-179.2622950819672,67.5624452929487
120,-174.8360655737705,67.5624452929487
121,29.758064516129032,67.18972162985978
122,32.66129032258064,67.18972162985978
123,44.2741935483871,67.18972162985978
124,45.725806451612904,67.18972162985978
125,51.53225806451613,67.18972162985978
126,63.14516129032258,67.18972162985978
127,70.40322580645162,67.18972162985978
128,77.66129032258065,67.18972162985978
129,79.11290322580645,67.18972162985978
130,86.37096774193547,67.18972162985978
131,87.8225806451613,67.18972162985978
132,153.14516129032256,67.18972162985978
133,167.66129032258064,67.18972162985978
134,-179.2741935483871,67.18972162985978
135,-174.91935483870967,67.18972162985978
136,-173.46774193548387,67.18972162985978
137,30.714285714285715,66.81675324303833
138,32.142857142857146,66.81675324303833
139,35.0,66.81675324303833
140,46.42857142857143,66.81675324303833
141,47.857142857142854,66.81675324303833
142,52.14285714285714,66.81675324303833
143,59.28571428571429,66.81675324303833
144,65.0,66.81675324303833
145,66.42857142857143,66.81675324303833
146,67.85714285714286,66.81675324303833
147,69.28571428571428,66.81675324303833
148,70.71428571428571,66.81675324303833
149,77.85714285714285,66.81675324303833
150,87.85714285714286,66.81675324303833
151,112.14285714285714,66.81675324303833
152,123.57142857142858,66.81675324303833
153,167.85714285714286,66.81675324303833
154,31.640625,66.44353569089877
155,33.046875,66.44353569089877
156,34.453125,66.44353569089877
157,44.296875,66.44353569089877
158,45.703125,66.44353569089877
159,47.109375,66.44353569089877
160,48.515625,66.44353569089877
161,52.734375,66.44353569089877
162,59.765625,66.44353569089877
163,61.17187499999999,66.44353569089877
164,65.390625,66.44353569089877
165,66.796875,66.44353569089877
166,68.203125,66.44353569089877
167,69.609375,66.44353569089877
168,71.015625,66.44353569089877
169,72.421875,66.44353569089877
170,73.828125,66.44353569089877
171,76.640625,66.44353569089877
172,111.796875,66.44353569089877
173,113.203125,66.44353569089877
174,123.04687499999999,66.44353569089877
175,142.734375,66.44353569089877
176,148.359375,66.44353569089877
177,151.171875,66.44353569089877
178,-179.296875,66.44353569089877
179,33.92307692307693,66.07006450641592
180,45.0,66.07006450641592
181,47.769230769230774,66.07006450641592
182,51.92307692307692,66.07006450641592
183,53.30769230769231,66.07006450641592
184,56.07692307692307,66.07006450641592
185,60.23076923076922,66.07006450641592
186,64.38461538461537,66.07006450641592
187,65.76923076923077,66.07006450641592
188,67.15384615384615,66.07006450641592
189,69.92307692307693,66.07006450641592
190,72.6923076923077,66.07006450641592
191,74.07692307692307,66.07006450641592
192,76.84615384615385,66.07006450641592
193,82.38461538461537,66.07006450641592
194,112.84615384615384,66.07006450641592
195,143.3076923076923,66.07006450641592
196,147.46153846153848,66.07006450641592
197,150.23076923076923,66.07006450641592
198,169.6153846153846,66.07006450641592
199,173.76923076923077,66.07006450641592
200,-171.0,66.07006450641592
201,-169.6153846153846,66.07006450641592
202,29.31818181818182,65.69633519657744
203,30.681818181818183,65.69633519657744
204,33.40909090909091,65.69633519657744
205,44.31818181818181,65.69633519657744
206,52.5,65.69633519657744
207,53.86363636363636,65.69633519657744
208,56.5909090909091,65.69633519657744
209,57.95454545454545,65.69633519657744
210,64.77272727272727,65.69633519657744
211,72.95454545454545,65.69633519657744
212,82.50000000000001,65.69633519657744
213,147.95454545454544,65.69633519657744
214,168.4090909090909,65.69633519657744
215,169.77272727272725,65.69633519657744
216,172.5,65.69633519657744
217,173.86363636363635,65.69633519657744
218,-179.3181818181818,65.69633519657744
219,-171.13636363636363,65.69633519657744
220,31.56716417910448,65.32234324182821
221,45.0,65.32234324182821
222,53.059701492537314,65.32234324182821
223,57.08955223880597,65.32234324182821
224,63.80597014925373,65.32234324182821
225,65.1492537313433,65.32234324182821
226,71.86567164179104,65.32234324182821
227,73.2089552238806,65.32234324182821
228,147.089552238806,65.32234324182821
229,160.52238805970148,65.32234324182821
230,167.23880597014923,65.32234324182821
231,168.5820895522388,65.32234324182821
232,172.61194029850745,65.32234324182821
233,176.6417910447761,65.32234324182821
234,-176.6417910447761,65.32234324182821
235,-172.61194029850745,65.32234324182821
236,-171.26865671641792,65.32234324182821
237,31.10294117647059,64.94808409550687
238,35.07352941176471,64.94808409550687
239,40.36764705882353,64.94808409550687
240,45.66176470588235,64.94808409550687
241,53.60294117647058,64.94808409550687
242,56.25,64.94808409550687
243,57.5735294117647,64.94808409550687
244,64.19117647058823,64.94808409550687
245,65.51470588235294,64.94808409550687
246,70.80882352941177,64.94808409550687
247,77.4264705882353,64.94808409550687
248,167.4264705882353,64.94808409550687
249,175.36764705882354,64.94808409550687
250,176.69117647058823,64.94808409550687
251,178.01470588235293,64.94808409550687
252,-175.36764705882354,64.94808409550687
253,-172.72058823529412,64.94808409550687
254,30.65217391304348,64.57355318327413
255,34.56521739130435,64.57355318327413
256,39.78260869565217,64.57355318327413
257,41.08695652173913,64.57355318327413
258,43.69565217391304,64.57355318327413
259,52.826086956521735,64.57355318327413
260,55.43478260869565,64.57355318327413
261,64.56521739130436,64.57355318327413
262,65.8695652173913,64.57355318327413
263,71.08695652173913,64.57355318327413
264,72.3913043478261,64.57355318327413
265,76.30434782608695,64.57355318327413
266,77.6086956521739,64.57355318327413
267,99.78260869565217,64.57355318327413
268,170.2173913043478,64.57355318327413
269,175.43478260869566,64.57355318327413
270,178.0434782608696,64.57355318327413
271,-174.1304347826087,64.57355318327413
272,31.5,64.19874590253252
273,34.07142857142857,64.19874590253252
274,35.357142857142854,64.19874590253252
275,40.5,64.19874590253252
276,43.07142857142857,64.19874590253252
277,44.357142857142854,64.19874590253252
278,48.214285714285715,64.19874590253252
279,53.35714285714286,64.19874590253252
280,55.92857142857142,64.19874590253252
281,61.07142857142857,64.19874590253252
282,64.92857142857143,64.19874590253252
283,66.21428571428571,64.19874590253252
284,68.78571428571429,64.19874590253252
285,70.07142857142857,64.19874590253252
286,71.35714285714286,64.19874590253252
287,75.21428571428571,64.19874590253252
288,76.5,64.19874590253252
289,77.78571428571429,64.19874590253252
290,100.92857142857143,64.19874590253252
291,135.64285714285714,64.19874590253252
292,142.07142857142858,64.19874590253252
293,171.64285714285714,64.19874590253252
294,176.78571428571428,64.19874590253252
295,-172.92857142857142,64.19874590253252
296,29.788732394366203,63.823657621837775
297,39.929577464788736,63.823657621837775
298,42.46478873239437,63.823657621837775
299,43.732394366197184,63.823657621837775
300,45.0,63.823657621837775
301,48.802816901408455,63.823657621837775
302,51.33802816901408,63.823657621837775
303,53.87323943661972,63.823657621837775
304,61.47887323943661,63.823657621837775
305,62.74647887323944,63.823657621837775
306,65.28169014084506,63.823657621837775
307,69.08450704225352,63.823657621837775
308,71.61971830985915,63.823657621837775
309,77.95774647887323,63.823657621837775
310,136.26760563380282,63.823657621837775
311,170.49295774647888,63.823657621837775
312,30.624999999999996,63.44828368030106
313,39.375,63.44828368030106
314,40.625,63.44828368030106
315,41.875,63.44828368030106
316,45.625,63.44828368030106
317,48.125,63.44828368030106
318,50.625,63.44828368030106
319,53.125,63.44828368030106
320,54.37499999999999,63.44828368030106
321,59.37499999999999,63.44828368030106
322,61.87500000000001,63.44828368030106
323,63.12500000000001,63.44828368030106
324,64.37499999999999,63.44828368030106
325,65.625,63.44828368030106
326,66.875,63.44828368030106
327,71.87500000000001,63.44828368030106
328,75.625,63.44828368030106
329,78.125,63.44828368030106
330,113.125,63.44828368030106
331,118.125,63.44828368030106
332,120.625,63.44828368030106
333,129.375,63.44828368030106
334,130.62500000000003,63.44828368030106
335,133.125,63.44828368030106
336,143.12499999999997,63.44828368030106
337,144.375,63.44828368030106
338,146.875,63.44828368030106
339,179.375,63.44828368030106
340,31.438356164383563,63.072619386982225
341,35.13698630136986,63.072619386982225
342,40.06849315068493,63.072619386982225
343,46.23287671232877,63.072619386982225
344,51.16438356164384,63.072619386982225
345,54.86301369863014,63.072619386982225
346,59.794520547945204,63.072619386982225
347,61.027397260273986,63.072619386982225
348,62.26027397260274,63.072619386982225
349,63.49315068493151,63.072619386982225
350,64.72602739726027,63.072619386982225
351,65.95890410958904,63.072619386982225
352,67.1917808219178,63.072619386982225
353,72.12328767123287,63.072619386982225
354,75.82191780821917,63.072619386982225
355,77.05479452054794,63.072619386982225
356,114.04109589041094,63.072619386982225
357,120.2054794520548,63.072619386982225
358,127.6027397260274,63.072619386982225
359,130.06849315068493,63.072619386982225
360,131.30136986301372,63.072619386982225
361,133.7671232876712,63.072619386982225
362,143.63013698630138,63.072619386982225
363,144.86301369863014,63.072619386982225
364,147.32876712328766,63.072619386982225
365,148.56164383561645,63.072619386982225
366,149.7945205479452,63.072619386982225
367,152.26027397260273,63.072619386982225
368,155.95890410958904,63.072619386982225
369,179.3835616438356,63.072619386982225
370,32.22972972972973,62.696660020273754
371,34.662162162162154,62.696660020273754
372,38.310810810810814,62.696660020273754
373,43.17567567567568,62.696660020273754
374,45.60810810810811,62.696660020273754
375,46.82432432432432,62.696660020273754
376,49.25675675675675,62.696660020273754
377,50.472972972972975,62.696660020273754
378,54.12162162162162,62.696660020273754
379,56.55405405405405,62.696660020273754
380,61.41891891891892,62.696660020273754
381,63.851351351351354,62.696660020273754
382,65.06756756756756,62.696660020273754
383,66.28378378378378,62.696660020273754
384,67.5,62.696660020273754
385,71.14864864864865,62.696660020273754
386,72.36486486486486,62.696660020273754
387,74.7972972972973,62.696660020273754
388,113.71621621621622,62.696660020273754
389,117.36486486486486,62.696660020273754
390,127.0945945945946,62.696660020273754
391,128.3108108108108,62.696660020273754
392,129.52702702702703,62.696660020273754
393,130.74324324324323,62.696660020273754
394,131.95945945945945,62.696660020273754
395,133.1756756756757,62.696660020273754
396,134.3918918918919,62.696660020273754
397,135.6081081081081,62.696660020273754
398,147.77027027027026,62.696660020273754
399,150.2027027027027,62.696660020273754
400,152.63513513513516,62.696660020273754
401,155.06756756756755,62.696660020273754
402,156.28378378378378,62.696660020273754
403,176.95945945945945,62.696660020273754
404,30.599999999999998,62.32040082727501
405,31.8,62.32040082727501
406,33.0,62.32040082727501
407,34.199999999999996,62.32040082727501
408,36.6,62.32040082727501
409,37.800000000000004,62.32040082727501
410,39.0,62.32040082727501
411,42.6,62.32040082727501
412,43.8,62.32040082727501
413,45.0,62.32040082727501
414,46.2,62.32040082727501
415,48.6,62.32040082727501
416,49.800000000000004,62.32040082727501
417,51.0,62.32040082727501
418,54.6,62.32040082727501
419,55.8,62.32040082727501
420,60.599999999999994,62.32040082727501
421,63.0,62.32040082727501
422,65.39999999999999,62.32040082727501
423,66.60000000000001,62.32040082727501
424,67.8,62.32040082727501
425,71.4,62.32040082727501
426,73.8,62.32040082727501
427,76.2,62.32040082727501
428,77.39999999999999,62.32040082727501
429,117.0,62.32040082727501
430,118.2,62.32040082727501
431,124.19999999999999,62.32040082727501
432,126.60000000000001,62.32040082727501
433,129.0,62.32040082727501
434,130.2,62.32040082727501
435,131.4,62.32040082727501
436,132.6,62.32040082727501
437,133.8,62.32040082727501
438,135.0,62.32040082727501
439,149.4,62.32040082727501
440,151.8,62.32040082727501
441,155.4,62.32040082727501
442,175.79999999999998,62.32040082727501
443,177.0,62.32040082727501
444,30.197368421052627,61.9438370231567
445,31.38157894736842,61.9438370231567
446,32.56578947368421,61.9438370231567
447,33.75,61.9438370231567
448,34.93421052631579,61.9438370231567
449,36.11842105263158,61.9438370231567
450,38.48684210526316,61.9438370231567
451,39.671052631578945,61.9438370231567
452,43.22368421052631,61.9438370231567
453,44.4078947368421,61.9438370231567
454,45.5921052631579,61.9438370231567
455,49.14473684210527,61.9438370231567
456,50.328947368421055,61.9438370231567
457,52.69736842105264,61.9438370231567
458,53.88157894736842,61.9438370231567
459,55.065789473684205,61.9438370231567
460,63.35526315789473,61.9438370231567
461,64.53947368421052,61.9438370231567
462,66.9078947368421,61.9438370231567
463,68.0921052631579,61.9438370231567
464,74.01315789473684,61.9438370231567
465,76.38157894736841,61.9438370231567
466,77.56578947368422,61.9438370231567
467,117.82894736842105,61.9438370231567
468,119.01315789473684,61.9438370231567
469,124.9342105263158,61.9438370231567
470,126.11842105263158,61.9438370231567
471,129.67105263157896,61.9438370231567
472,130.85526315789474,61.9438370231567
473,132.03947368421052,61.9438370231567
474,133.2236842105263,61.9438370231567
475,134.4078947368421,61.9438370231567
476,150.98684210526315,61.9438370231567
477,159.27631578947367,61.9438370231567
478,174.67105263157896,61.9438370231567
479,29.8051948051948,61.56696379051533
480,30.974025974025974,61.56696379051533
481,32.142857142857146,61.56696379051533
482,33.311688311688314,61.56696379051533
483,34.48051948051948,61.56696379051533
484,36.81818181818182,61.56696379051533
485,37.98701298701299,61.56696379051533
486,39.15584415584416,61.56696379051533
487,40.324675324675326,61.56696379051533
488,42.66233766233766,61.56696379051533
489,43.83116883116883,61.56696379051533
490,45.0,61.56696379051533
491,46.16883116883117,61.56696379051533
492,47.33766233766233,61.56696379051533
493,48.50649350649351,61.56696379051533
494,50.84415584415584,61.56696379051533
495,52.01298701298701,61.56696379051533
496,53.18181818181818,61.56696379051533
497,54.35064935064935,61.56696379051533
498,64.87012987012987,61.56696379051533
499,66.03896103896103,61.56696379051533
500,67.20779220779222,61.56696379051533
501,68.37662337662337,61.56696379051533
502,70.71428571428571,61.56696379051533
503,71.88311688311688,61.56696379051533
504,73.05194805194805,61.56696379051533
505,74.22077922077922,61.56696379051533
506,75.38961038961038,61.56696379051533
507,76.55844155844156,61.56696379051533
508,78.8961038961039,61.56696379051533
509,80.06493506493507,61.56696379051533
510,82.40259740259741,61.56696379051533
511,112.79220779220779,61.56696379051533
512,115.12987012987013,61.56696379051533
513,118.63636363636364,61.56696379051533
514,125.64935064935064,61.56696379051533
515,126.81818181818183,61.56696379051533
516,130.32467532467533,61.56696379051533
517,131.49350649350652,61.56696379051533
518,133.8311688311688,61.56696379051533
519,147.85714285714286,61.56696379051533
520,150.19480519480518,61.56696379051533
521,159.54545454545456,61.56696379051533
522,28.26923076923077,61.18977627871704
523,29.423076923076923,61.18977627871704
524,30.576923076923077,61.18977627871704
525,31.730769230769234,61.18977627871704
526,32.88461538461538,61.18977627871704
527,34.03846153846154,61.18977627871704
528,35.19230769230769,61.18977627871704
529,36.34615384615385,61.18977627871704
530,39.80769230769231,61.18977627871704
531,42.11538461538461,61.18977627871704
532,43.269230769230774,61.18977627871704
533,44.42307692307693,61.18977627871704
534,46.730769230769226,61.18977627871704
535,47.884615384615394,61.18977627871704
536,50.192307692307686,61.18977627871704
537,53.653846153846146,61.18977627871704
538,54.80769230769231,61.18977627871704
539,60.57692307692308,61.18977627871704
540,61.73076923076923,61.18977627871704
541,66.34615384615385,61.18977627871704
542,67.5,61.18977627871704
543,70.96153846153845,61.18977627871704
544,72.11538461538461,61.18977627871704
545,73.26923076923077,61.18977627871704
546,74.42307692307692,61.18977627871704
547,75.57692307692308,61.18977627871704
548,76.73076923076923,61.18977627871704
549,77.88461538461537,61.18977627871704
550,79.03846153846153,61.18977627871704
551,80.19230769230768,61.18977627871704
552,114.80769230769232,61.18977627871704
553,126.34615384615385,61.18977627871704
554,127.50000000000001,61.18977627871704
555,130.96153846153845,61.18977627871704
556,132.1153846153846,61.18977627871704
557,149.4230769230769,61.18977627871704
558,27.91139240506329,60.8122696032311
559,29.050632911392402,60.8122696032311
560,30.189873417721518,60.8122696032311
561,33.60759493670886,60.8122696032311
562,34.74683544303798,60.8122696032311
563,35.88607594936709,60.8122696032311
564,38.164556962025316,60.8122696032311
565,40.44303797468355,60.8122696032311
566,41.58227848101266,60.8122696032311
567,43.86075949367089,60.8122696032311
568,46.13924050632911,60.8122696032311
569,47.278481012658226,60.8122696032311
570,48.41772151898734,60.8122696032311
571,49.55696202531645,60.8122696032311
572,50.69620253164557,60.8122696032311
573,52.974683544303794,60.8122696032311
574,56.39240506329114,60.8122696032311
575,58.67088607594936,60.8122696032311
576,59.81012658227848,60.8122696032311
577,60.949367088607595,60.8122696032311
578,64.36708860759494,60.8122696032311
579,67.78481012658229,60.8122696032311
580,68.9240506329114,60.8122696032311
581,70.0632911392405,60.8122696032311
582,72.34177215189874,60.8122696032311
583,73.48101265822784,60.8122696032311
584,74.62025316455696,60.8122696032311
585,75.75949367088607,60.8122696032311
586,76.89873417721519,60.8122696032311
587,78.0379746835443,60.8122696032311
588,92.84810126582278,60.8122696032311
589,114.49367088607596,60.8122696032311
590,115.63291139240508,60.8122696032311
591,120.18987341772151,60.8122696032311
592,121.32911392405063,60.8122696032311
593,127.0253164556962,60.8122696032311
594,131.58227848101268,60.8122696032311
595,149.81012658227849,60.8122696032311
596,27.562499999999996,60.43443884495228
597,28.687499999999996,60.43443884495228
598,29.812500000000004,60.43443884495228
599,30.937500000000004,60.43443884495228
600,32.0625,60.43443884495228
601,34.3125,60.43443884495228
602,35.4375,60.43443884495228
603,37.6875,60.43443884495228
604,39.9375,60.43443884495228
605,41.0625,60.43443884495228
606,42.1875,60.43443884495228
607,43.3125,60.43443884495228
608,44.4375,60.43443884495228
609,46.6875,60.43443884495228
610,47.8125,60.43443884495228
611,48.9375,60.43443884495228
612,50.0625,60.43443884495228
613,51.1875,60.43443884495228
614,52.3125,60.43443884495228
615,53.4375,60.43443884495228
616,54.5625,60.43443884495228
617,55.6875,60.43443884495228
618,56.8125,60.43443884495228
619,59.0625,60.43443884495228
620,60.1875,60.43443884495228
621,63.5625,60.43443884495228
622,64.68750000000001,60.43443884495228
623,66.9375,60.43443884495228
624,68.0625,60.43443884495228
625,69.1875,60.43443884495228
626,70.31249999999999,60.43443884495228
627,71.4375,60.43443884495228
628,72.5625,60.43443884495228
629,73.68750000000001,60.43443884495228
630,77.0625,60.43443884495228
631,78.1875,60.43443884495228
632,92.81249999999999,60.43443884495228
633,119.81249999999999,60.43443884495228
634,120.9375,60.43443884495228
635,123.18750000000001,60.43443884495228
636,131.0625,60.43443884495228
637,134.4375,60.43443884495228
638,142.31250000000003,60.43443884495228
639,151.3125,60.43443884495228
640,165.9375,60.43443884495228
641,29.444444444444443,60.05627904951214
642,30.55555555555556,60.05627904951214
643,31.666666666666664,60.05627904951214
644,32.77777777777778,60.05627904951214
645,36.11111111111111,60.05627904951214
646,39.44444444444444,60.05627904951214
647,40.55555555555556,60.05627904951214
648,41.666666666666664,60.05627904951214
649,42.77777777777778,60.05627904951214
650,43.888888888888886,60.05627904951214
651,45.0,60.05627904951214
652,46.111111111111114,60.05627904951214
653,47.22222222222222,60.05627904951214
654,49.44444444444444,60.05627904951214
655,52.77777777777778,60.05627904951214
656,53.88888888888889,60.05627904951214
657,55.0,60.05627904951214
658,56.111111111111114,60.05627904951214
659,58.333333333333336,60.05627904951214
660,59.44444444444444,60.05627904951214
661,60.55555555555554,60.05627904951214
662,63.88888888888889,60.05627904951214
663,65.0,60.05627904951214
664,66.11111111111111,60.05627904951214
665,69.44444444444443,60.05627904951214
666,71.66666666666667,60.05627904951214
667,73.88888888888889,60.05627904951214
668,89.44444444444444,60.05627904951214
669,90.55555555555554,60.05627904951214
670,92.77777777777779,60.05627904951214
671,119.44444444444444,60.05627904951214
672,120.55555555555554,60.05627904951214
673,137.22222222222223,60.05627904951214
674,142.77777777777777,60.05627904951214
675,150.55555555555554,60.05627904951214
676,151.66666666666669,60.05627904951214
677,166.11111111111111,60.05627904951214
678,27.98780487804878,59.67778522657881
679,29.085365853658537,59.67778522657881
680,30.182926829268297,59.67778522657881
681,31.28048780487805,59.67778522657881
682,32.3780487804878,59.67778522657881
683,33.47560975609756,59.67778522657881
684,38.96341463414634,59.67778522657881
685,40.06097560975609,59.67778522657881
686,44.451219512195124,59.67778522657881
687,45.548780487804876,59.67778522657881
688,46.646341463414636,59.67778522657881
689,54.329268292682926,59.67778522657881
690,56.52439024390243,59.67778522657881
691,57.6219512195122,59.67778522657881
692,59.8170731707317,59.67778522657881
693,60.91463414634146,59.67778522657881
694,62.01219512195122,59.67778522657881
695,66.40243902439025,59.67778522657881
696,67.5,59.67778522657881
697,68.59756097560975,59.67778522657881
698,69.69512195121952,59.67778522657881
699,72.98780487804878,59.67778522657881
700,90.54878048780486,59.67778522657881
701,120.18292682926831,59.67778522657881
702,137.7439024390244,59.67778522657881
703,150.91463414634148,59.67778522657881
704,152.01219512195124,59.67778522657881
705,27.65060240963855,59.29895234914484
706,28.734939759036145,59.29895234914484
707,29.819277108433734,59.29895234914484
708,30.903614457831324,59.29895234914484
709,31.987951807228917,59.29895234914484
710,33.07228915662651,59.29895234914484
711,34.1566265060241,59.29895234914484
712,39.57831325301205,59.29895234914484
713,42.83132530120482,59.29895234914484
714,43.91566265060241,59.29895234914484
715,45.00000000000001,59.29895234914484
716,46.08433734939759,59.29895234914484
717,50.421686746987945,59.29895234914484
718,51.506024096385545,59.29895234914484
719,53.674698795180724,59.29895234914484
720,54.75903614457831,59.29895234914484
721,56.9277108433735,59.29895234914484
722,58.01204819277109,59.29895234914484
723,59.09638554216867,59.29895234914484
724,60.18072289156627,59.29895234914484
725,62.349397590361455,59.29895234914484
726,65.60240963855422,59.29895234914484
727,66.6867469879518,59.29895234914484
728,67.7710843373494,59.29895234914484
729,68.85542168674698,59.29895234914484
730,73.19277108433735,59.29895234914484
731,78.6144578313253,59.29895234914484
732,80.78313253012048,59.29895234914484
733,81.86746987951807,59.29895234914484
734,90.5421686746988,59.29895234914484
735,91.62650602409639,59.29895234914484
736,131.74698795180723,59.29895234914484
737,150.18072289156626,59.29895234914484
738,151.26506024096386,59.29895234914484
739,27.321428571428573,58.91977535280315
740,28.392857142857142,58.91977535280315
741,29.464285714285715,58.91977535280315
742,30.535714285714285,58.91977535280315
743,31.607142857142854,58.91977535280315
744,34.82142857142857,58.91977535280315
745,35.892857142857146,58.91977535280315
746,36.964285714285715,58.91977535280315
747,40.17857142857143,58.91977535280315
748,41.25,58.91977535280315
749,42.32142857142858,58.91977535280315
750,44.464285714285715,58.91977535280315
751,45.535714285714285,58.91977535280315
752,46.607142857142854,58.91977535280315
753,49.82142857142856,58.91977535280315
754,50.892857142857146,58.91977535280315
755,51.96428571428571,58.91977535280315
756,53.03571428571429,58.91977535280315
757,54.107142857142854,58.91977535280315
758,55.17857142857142,58.91977535280315
759,59.464285714285715,58.91977535280315
760,60.53571428571429,58.91977535280315
761,61.60714285714287,58.91977535280315
762,65.89285714285714,58.91977535280315
763,69.10714285714286,58.91977535280315
764,76.60714285714286,58.91977535280315
765,77.67857142857143,58.91977535280315
766,80.89285714285714,58.91977535280315
767,81.96428571428571,58.91977535280315
768,91.60714285714286,58.91977535280315
769,99.10714285714285,58.91977535280315
770,125.89285714285714,58.91977535280315
771,131.25,58.91977535280315
772,134.46428571428572,58.91977535280315
773,28.058823529411764,58.540249135010484
774,29.11764705882353,58.540249135010484
775,30.17647058823529,58.540249135010484
776,31.235294117647058,58.540249135010484
777,32.29411764705882,58.540249135010484
778,33.35294117647059,58.540249135010484
779,34.41176470588235,58.540249135010484
780,35.470588235294116,58.540249135010484
781,37.58823529411765,58.540249135010484
782,38.64705882352941,58.540249135010484
783,39.70588235294118,58.540249135010484
784,40.76470588235294,58.540249135010484
785,41.82352941176471,58.540249135010484
786,42.88235294117647,58.540249135010484
787,43.94117647058824,58.540249135010484
788,45.0,58.540249135010484
789,46.05882352941176,58.540249135010484
790,47.11764705882353,58.540249135010484
791,48.17647058823529,58.540249135010484
792,49.23529411764705,58.540249135010484
793,50.294117647058826,58.540249135010484
794,52.411764705882355,58.540249135010484
795,54.529411764705884,58.540249135010484
796,55.58823529411765,58.540249135010484
797,56.64705882352941,58.540249135010484
798,57.70588235294117,58.540249135010484
799,58.76470588235294,58.540249135010484
800,59.8235294117647,58.540249135010484
801,60.88235294117648,58.540249135010484
802,61.94117647058824,58.540249135010484
803,65.11764705882352,58.540249135010484
804,68.29411764705883,58.540249135010484
805,69.3529411764706,58.540249135010484
806,76.76470588235294,58.540249135010484
807,81.0,58.540249135010484
808,83.11764705882352,58.540249135010484
809,85.23529411764706,58.540249135010484
810,92.6470588235294,58.540249135010484
811,94.76470588235294,58.540249135010484
812,96.88235294117646,58.540249135010484
813,99.00000000000001,58.540249135010484
814,102.1764705882353,58.540249135010484
815,112.76470588235294,58.540249135010484
816,125.47058823529412,58.540249135010484
817,133.94117647058823,58.540249135010484
818,27.732558139534884,58.160368554338
819,28.779069767441865,58.160368554338
820,31.91860465116279,58.160368554338
821,32.96511627906977,58.160368554338
822,34.01162790697674,58.160368554338
823,35.058139534883715,58.160368554338
824,36.1046511627907,58.160368554338
825,37.151162790697676,58.160368554338
826,38.19767441860465,58.160368554338
827,40.29069767441861,58.160368554338
828,41.33720930232558,58.160368554338
829,42.383720930232556,58.160368554338
830,43.43023255813954,58.160368554338
831,45.52325581395348,58.160368554338
832,46.56976744186046,58.160368554338
833,47.616279069767444,58.160368554338
834,51.80232558139536,58.160368554338
835,52.848837209302324,58.160368554338
836,53.8953488372093,58.160368554338
837,54.941860465116285,58.160368554338
838,55.98837209302326,58.160368554338
839,58.08139534883721,58.160368554338
840,59.127906976744185,58.160368554338
841,60.174418604651166,58.160368554338
842,61.22093023255813,58.160368554338
843,62.26744186046512,58.160368554338
844,63.3139534883721,58.160368554338
845,64.36046511627907,58.160368554338
846,65.40697674418604,58.160368554338
847,66.45348837209303,58.160368554338
848,69.59302325581395,58.160368554338
849,83.19767441860465,58.160368554338
850,85.2906976744186,58.160368554338
851,86.33720930232558,58.160368554338
852,92.61627906976744,58.160368554338
853,94.7093023255814,58.160368554338
854,96.80232558139534,58.160368554338
855,97.84883720930233,58.160368554338
856,102.03488372093024,58.160368554338
857,103.0813953488372,58.160368554338
858,27.413793103448278,57.78012842970897
859,28.448275862068964,57.78012842970897
860,31.551724137931032,57.78012842970897
861,33.62068965517241,57.78012842970897
862,34.6551724137931,57.78012842970897
863,35.689655172413794,57.78012842970897
864,36.724137931034484,57.78012842970897
865,38.79310344827586,57.78012842970897
866,39.82758620689655,57.78012842970897
867,40.862068965517246,57.78012842970897
868,41.89655172413793,57.78012842970897
869,42.93103448275862,57.78012842970897
870,43.96551724137931,57.78012842970897
871,46.03448275862069,57.78012842970897
872,47.06896551724138,57.78012842970897
873,48.103448275862064,57.78012842970897
874,49.13793103448276,57.78012842970897
875,51.20689655172414,57.78012842970897
876,52.241379310344826,57.78012842970897
877,53.27586206896551,57.78012842970897
878,54.31034482758621,57.78012842970897
879,55.3448275862069,57.78012842970897
880,56.37931034482758,57.78012842970897
881,58.44827586206897,57.78012842970897
882,59.482758620689665,57.78012842970897
883,60.51724137931035,57.78012842970897
884,61.55172413793104,57.78012842970897
885,62.58620689655172,57.78012842970897
886,63.620689655172406,57.78012842970897
887,64.6551724137931,57.78012842970897
888,65.6896551724138,57.78012842970897
889,66.72413793103448,57.78012842970897
890,67.75862068965517,57.78012842970897
891,68.79310344827586,57.78012842970897
892,69.82758620689656,57.78012842970897
893,70.86206896551725,57.78012842970897
894,80.17241379310344,57.78012842970897
895,81.20689655172413,57.78012842970897
896,82.24137931034483,57.78012842970897
897,83.27586206896552,57.78012842970897
898,84.3103448275862,57.78012842970897
899,85.34482758620689,57.78012842970897
900,86.37931034482759,57.78012842970897
901,92.58620689655173,57.78012842970897
902,93.62068965517241,57.78012842970897
903,97.75862068965519,57.78012842970897
904,101.89655172413792,57.78012842970897
905,102.93103448275862,57.78012842970897
906,108.10344827586208,57.78012842970897
907,114.3103448275862,57.78012842970897
908,136.0344827586207,57.78012842970897
909,158.79310344827587,57.78012842970897
910,28.125000000000004,57.39952353962294
911,30.170454545454543,57.39952353962294
912,33.23863636363636,57.39952353962294
913,34.26136363636363,57.39952353962294
914,35.284090909090914,57.39952353962294
915,36.30681818181818,57.39952353962294
916,37.32954545454545,57.39952353962294
917,38.35227272727273,57.39952353962294
918,39.375,57.39952353962294
919,40.39772727272727,57.39952353962294
920,41.42045454545455,57.39952353962294
921,42.44318181818182,57.39952353962294
922,43.465909090909086,57.39952353962294
923,45.51136363636364,57.39952353962294
924,46.534090909090914,57.39952353962294
925,47.55681818181818,57.39952353962294
926,48.57954545454545,57.39952353962294
927,49.60227272727273,57.39952353962294
928,50.62500000000001,57.39952353962294
929,51.64772727272727,57.39952353962294
930,52.67045454545455,57.39952353962294
931,53.69318181818182,57.39952353962294
932,54.715909090909086,57.39952353962294
933,55.73863636363636,57.39952353962294
934,56.76136363636364,57.39952353962294
935,57.78409090909091,57.39952353962294
936,58.80681818181818,57.39952353962294
937,59.829545454545446,57.39952353962294
938,60.85227272727273,57.39952353962294
939,61.87500000000001,57.39952353962294
940,62.89772727272727,57.39952353962294
941,63.92045454545454,57.39952353962294
942,65.9659090909091,57.39952353962294
943,66.98863636363637,57.39952353962294
944,68.01136363636364,57.39952353962294
945,69.0340909090909,57.39952353962294
946,71.07954545454545,57.39952353962294
947,72.10227272727273,57.39952353962294
948,79.26136363636364,57.39952353962294
949,80.2840909090909,57.39952353962294
950,81.30681818181819,57.39952353962294
951,82.32954545454545,57.39952353962294
952,83.35227272727273,57.39952353962294
953,84.375,57.39952353962294
954,85.39772727272728,57.39952353962294
955,86.42045454545455,57.39952353962294
956,87.44318181818181,57.39952353962294
957,88.46590909090908,57.39952353962294
958,92.55681818181819,57.39952353962294
959,93.57954545454545,57.39952353962294
960,94.60227272727272,57.39952353962294
961,101.76136363636364,57.39952353962294
962,103.80681818181819,57.39952353962294
963,106.875,57.39952353962294
964,135.51136363636363,57.39952353962294
965,136.5340909090909,57.39952353962294
966,27.808988764044944,57.01854862136609
967,28.82022471910112,57.01854862136609
968,29.831460674157302,57.01854862136609
969,31.853932584269668,57.01854862136609
970,32.86516853932584,57.01854862136609
971,33.87640449438202,57.01854862136609
972,34.8876404494382,57.01854862136609
973,37.92134831460674,57.01854862136609
974,38.932584269662925,57.01854862136609
975,39.943820224719104,57.01854862136609
976,40.955056179775276,57.01854862136609
977,41.96629213483146,57.01854862136609
978,42.97752808988764,57.01854862136609
979,43.98876404494382,57.01854862136609
980,45.0,57.01854862136609
981,46.01123595505618,57.01854862136609
982,47.02247191011236,57.01854862136609
983,48.03370786516854,57.01854862136609
984,49.04494382022472,57.01854862136609
985,50.0561797752809,57.01854862136609
986,51.06741573033708,57.01854862136609
987,52.078651685393254,57.01854862136609
988,53.08988764044944,57.01854862136609
989,54.10112359550561,57.01854862136609
990,55.11235955056179,57.01854862136609
991,56.12359550561798,57.01854862136609
992,57.13483146067416,57.01854862136609
993,58.14606741573034,57.01854862136609
994,59.157303370786515,57.01854862136609
995,60.168539325842694,57.01854862136609
996,61.17977528089888,57.01854862136609
997,62.19101123595506,57.01854862136609
998,64.21348314606742,57.01854862136609
999,65.2247191011236,57.01854862136609
1000,67.24719101123596,57.01854862136609
1001,68.25842696629213,57.01854862136609
1002,71.29213483146066,57.01854862136609
1003,72.30337078651687,57.01854862136609
1004,76.34831460674158,57.01854862136609
1005,79.3820224719101,57.01854862136609
1006,80.3932584269663,57.01854862136609
1007,81.40449438202248,57.01854862136609
1008,83.42696629213482,57.01854862136609
1009,84.43820224719103,57.01854862136609
1010,85.4494382022472,57.01854862136609
1011,86.46067415730337,57.01854862136609
1012,87.47191011235954,57.01854862136609
1013,88.48314606741573,57.01854862136609
1014,89.49438202247192,57.01854862136609
1015,90.50561797752809,57.01854862136609
1016,93.53932584269663,57.01854862136609
1017,94.55056179775282,57.01854862136609
1018,95.56179775280899,57.01854862136609
1019,96.57303370786518,57.01854862136609
1020,102.64044943820224,57.01854862136609
1021,103.65168539325842,57.01854862136609
1022,106.68539325842697,57.01854862136609
1023,107.69662921348315,57.01854862136609
1024,115.78651685393258,57.01854862136609
1025,124.8876404494382,57.01854862136609
1026,136.01123595505618,57.01854862136609
1027,138.03370786516854,57.01854862136609
1028,28.5,56.63719837020753
1029,29.499999999999996,56.63719837020753
1030,30.5,56.63719837020753
1031,31.5,56.63719837020753
1032,32.5,56.63719837020753
1033,33.49999999999999,56.63719837020753
1034,34.5,56.63719837020753
1035,35.5,56.63719837020753
1036,36.5,56.63719837020753
1037,37.5,56.63719837020753
1038,38.5,56.63719837020753
1039,39.5,56.63719837020753
1040,40.5,56.63719837020753
1041,41.5,56.63719837020753
1042,42.5,56.63719837020753
1043,43.5,56.63719837020753
1044,44.50000000000001,56.63719837020753
1045,45.5,56.63719837020753
1046,46.49999999999999,56.63719837020753
1047,47.5,56.63719837020753
1048,48.5,56.63719837020753
1049,49.50000000000001,56.63719837020753
1050,50.5,56.63719837020753
1051,51.49999999999999,56.63719837020753
1052,52.50000000000001,56.63719837020753
1053,53.5,56.63719837020753
1054,54.49999999999999,56.63719837020753
1055,55.5,56.63719837020753
1056,57.5,56.63719837020753
1057,58.5,56.63719837020753
1058,59.5,56.63719837020753
1059,60.5,56.63719837020753
1060,61.50000000000001,56.63719837020753
1061,62.49999999999999,56.63719837020753
1062,63.50000000000001,56.63719837020753
1063,64.5,56.63719837020753
1064,65.50000000000001,56.63719837020753
1065,66.5,56.63719837020753
1066,67.5,56.63719837020753
1067,68.5,56.63719837020753
1068,69.5,56.63719837020753
1069,70.49999999999999,56.63719837020753
1070,72.5,56.63719837020753
1071,75.5,56.63719837020753
1072,76.5,56.63719837020753
1073,78.49999999999999,56.63719837020753
1074,81.5,56.63719837020753
1075,83.50000000000001,56.63719837020753
1076,84.5,56.63719837020753
1077,85.5,56.63719837020753
1078,87.49999999999999,56.63719837020753
1079,88.5,56.63719837020753
1080,89.5,56.63719837020753
1081,90.5,56.63719837020753
1082,91.5,56.63719837020753
1083,93.50000000000001,56.63719837020753
1084,94.5,56.63719837020753
1085,95.5,56.63719837020753
1086,96.5,56.63719837020753
1087,97.49999999999999,56.63719837020753
1088,101.5,56.63719837020753
1089,104.5,56.63719837020753
1090,107.49999999999999,56.63719837020753
1091,111.5,56.63719837020753
1092,113.49999999999999,56.63719837020753
1093,114.49999999999999,56.63719837020753
1094,115.50000000000001,56.63719837020753
1095,116.5,56.63719837020753
1096,124.49999999999999,56.63719837020753
1097,137.5,56.63719837020753
1098,138.5,56.63719837020753
1099,160.5,56.63719837020753
1100,162.5,56.63719837020753
1101,28.186813186813186,56.25546743858108
1102,29.17582417582417,56.25546743858108
1103,30.164835164835164,56.25546743858108
1104,32.142857142857146,56.25546743858108
1105,33.13186813186813,56.25546743858108
1106,34.120879120879124,56.25546743858108
1107,35.10989010989011,56.25546743858108
1108,36.098901098901095,56.25546743858108
1109,37.08791208791209,56.25546743858108
1110,38.07692307692307,56.25546743858108
1111,39.065934065934066,56.25546743858108
1112,40.05494505494506,56.25546743858108
1113,41.043956043956044,56.25546743858108
1114,42.032967032967036,56.25546743858108
1115,43.02197802197802,56.25546743858108
1116,44.010989010989015,56.25546743858108
1117,45.0,56.25546743858108
1118,45.989010989010985,56.25546743858108
1119,46.97802197802198,56.25546743858108
1120,47.967032967032964,56.25546743858108
1121,48.956043956043956,56.25546743858108
1122,49.94505494505494,56.25546743858108
1123,50.934065934065934,56.25546743858108
1124,51.92307692307692,56.25546743858108
1125,52.91208791208791,56.25546743858108
1126,53.9010989010989,56.25546743858108
1127,54.89010989010989,56.25546743858108
1128,55.879120879120876,56.25546743858108
1129,56.868131868131876,56.25546743858108
1130,57.857142857142854,56.25546743858108
1131,58.84615384615385,56.25546743858108
1132,59.83516483516484,56.25546743858108
1133,60.824175824175825,56.25546743858108
1134,61.8131868131868,56.25546743858108
1135,62.80219780219781,56.25546743858108
1136,63.79120879120878,56.25546743858108
1137,64.78021978021978,56.25546743858108
1138,66.75824175824175,56.25546743858108
1139,67.74725274725274,56.25546743858108
1140,68.73626373626374,56.25546743858108
1141,69.72527472527473,56.25546743858108
1142,70.71428571428571,56.25546743858108
1143,71.7032967032967,56.25546743858108
1144,74.67032967032966,56.25546743858108
1145,75.65934065934066,56.25546743858108
1146,78.62637362637363,56.25546743858108
1147,82.58241758241759,56.25546743858108
1148,83.57142857142857,56.25546743858108
1149,84.56043956043956,56.25546743858108
1150,85.54945054945055,56.25546743858108
1151,87.52747252747253,56.25546743858108
1152,88.51648351648352,56.25546743858108
1153,89.50549450549451,56.25546743858108
1154,90.49450549450549,56.25546743858108
1155,91.48351648351648,56.25546743858108
1156,92.47252747252747,56.25546743858108
1157,93.46153846153847,56.25546743858108
1158,94.45054945054945,56.25546743858108
1159,95.43956043956044,56.25546743858108
1160,96.42857142857143,56.25546743858108
1161,97.41758241758241,56.25546743858108
1162,99.3956043956044,56.25546743858108
1163,101.37362637362637,56.25546743858108
1164,103.35164835164836,56.25546743858108
1165,107.3076923076923,56.25546743858108
1166,111.26373626373626,56.25546743858108
1167,112.25274725274724,56.25546743858108
1168,113.24175824175823,56.25546743858108
1169,115.21978021978022,56.25546743858108
1170,116.2087912087912,56.25546743858108
1171,125.10989010989013,56.25546743858108
1172,137.96703296703296,56.25546743858108
1173,158.73626373626374,56.25546743858108
1174,160.71428571428572,56.25546743858108
1175,162.6923076923077,56.25546743858108
1176,28.85869565217391,55.873350435251986
1177,29.836956521739133,55.873350435251986
1178,30.81521739130435,55.873350435251986
1179,31.793478260869566,55.873350435251986
1180,32.77173913043478,55.873350435251986
1181,33.75,55.873350435251986
1182,34.72826086956522,55.873350435251986
1183,35.70652173913044,55.873350435251986
1184,36.684782608695656,55.873350435251986
1185,37.66304347826087,55.873350435251986
1186,38.641304347826086,55.873350435251986
1187,39.619565217391305,55.873350435251986
1188,40.59782608695653,55.873350435251986
1189,41.57608695652174,55.873350435251986
1190,42.55434782608695,55.873350435251986
1191,43.53260869565218,55.873350435251986
1192,44.51086956521739,55.873350435251986
1193,45.4891304347826,55.873350435251986
1194,46.46739130434783,55.873350435251986
1195,47.44565217391305,55.873350435251986
1196,48.423913043478265,55.873350435251986
1197,49.40217391304348,55.873350435251986
1198,50.38043478260869,55.873350435251986
1199,51.35869565217392,55.873350435251986
1200,52.33695652173913,55.873350435251986
1201,53.315217391304344,55.873350435251986
1202,54.29347826086956,55.873350435251986
1203,55.27173913043478,55.873350435251986
1204,56.25000000000001,55.873350435251986
1205,57.22826086956522,55.873350435251986
1206,58.20652173913043,55.873350435251986
1207,59.18478260869566,55.873350435251986
1208,60.16304347826087,55.873350435251986
1209,61.141304347826086,55.873350435251986
1210,62.119565217391305,55.873350435251986
1211,63.097826086956516,55.873350435251986
1212,64.07608695652175,55.873350435251986
1213,67.98913043478261,55.873350435251986
1214,68.96739130434783,55.873350435251986
1215,70.92391304347827,55.873350435251986
1216,71.90217391304348,55.873350435251986
1217,73.8586956521739,55.873350435251986
1218,74.83695652173913,55.873350435251986
1219,75.81521739130436,55.873350435251986
1220,76.79347826086956,55.873350435251986
1221,77.77173913043478,55.873350435251986
1222,78.75,55.873350435251986
1223,79.7282608695652,55.873350435251986
1224,82.66304347826087,55.873350435251986
1225,83.6413043478261,55.873350435251986
1226,84.6195652173913,55.873350435251986
1227,85.59782608695652,55.873350435251986
1228,86.57608695652175,55.873350435251986
1229,88.53260869565217,55.873350435251986
1230,89.51086956521738,55.873350435251986
1231,90.48913043478261,55.873350435251986
1232,92.44565217391305,55.873350435251986
1233,93.42391304347827,55.873350435251986
1234,94.40217391304347,55.873350435251986
1235,95.38043478260869,55.873350435251986
1236,98.31521739130436,55.873350435251986
1237,99.29347826086956,55.873350435251986
1238,101.24999999999999,55.873350435251986
1239,102.22826086956522,55.873350435251986
1240,109.07608695652173,55.873350435251986
1241,114.94565217391305,55.873350435251986
1242,158.9673913043478,55.873350435251986
1243,159.94565217391303,55.873350435251986
1244,31.451612903225804,55.49084192446861
1245,33.38709677419355,55.49084192446861
1246,34.35483870967742,55.49084192446861
1247,35.32258064516129,55.49084192446861
1248,36.29032258064516,55.49084192446861
1249,37.25806451612903,55.49084192446861
1250,38.225806451612904,55.49084192446861
1251,39.193548387096776,55.49084192446861
1252,40.16129032258065,55.49084192446861
1253,42.096774193548384,55.49084192446861
1254,43.06451612903226,55.49084192446861
1255,44.03225806451613,55.49084192446861
1256,44.99999999999999,55.49084192446861
1257,45.96774193548387,55.49084192446861
1258,46.93548387096774,55.49084192446861
1259,47.903225806451616,55.49084192446861
1260,48.87096774193549,55.49084192446861
1261,49.83870967741935,55.49084192446861
1262,50.80645161290323,55.49084192446861
1263,51.774193548387096,55.49084192446861
1264,52.74193548387096,55.49084192446861
1265,53.70967741935484,55.49084192446861
1266,54.67741935483871,55.49084192446861
1267,55.645161290322584,55.49084192446861
1268,56.61290322580645,55.49084192446861
1269,58.54838709677419,55.49084192446861
1270,59.516129032258064,55.49084192446861
1271,60.48387096774193,55.49084192446861
1272,61.45161290322581,55.49084192446861
1273,62.41935483870967,55.49084192446861
1274,63.38709677419355,55.49084192446861
1275,65.32258064516128,55.49084192446861
1276,67.25806451612904,55.49084192446861
1277,69.19354838709678,55.49084192446861
1278,70.16129032258064,55.49084192446861
1279,71.12903225806453,55.49084192446861
1280,73.06451612903226,55.49084192446861
1281,76.93548387096774,55.49084192446861
1282,77.90322580645162,55.49084192446861
1283,78.87096774193549,55.49084192446861
1284,79.83870967741935,55.49084192446861
1285,80.80645161290323,55.49084192446861
1286,82.74193548387096,55.49084192446861
1287,83.70967741935483,55.49084192446861
1288,84.6774193548387,55.49084192446861
1289,85.64516129032259,55.49084192446861
1290,86.61290322580645,55.49084192446861
1291,87.58064516129032,55.49084192446861
1292,88.54838709677419,55.49084192446861
1293,89.51612903225805,55.49084192446861
1294,91.45161290322581,55.49084192446861
1295,93.38709677419355,55.49084192446861
1296,94.35483870967741,55.49084192446861
1297,95.32258064516128,55.49084192446861
1298,96.29032258064517,55.49084192446861
1299,99.19354838709677,55.49084192446861
1300,101.12903225806453,55.49084192446861
1301,109.83870967741936,55.49084192446861
1302,20.585106382978722,55.107936425098195
1303,21.54255319148936,55.107936425098195
1304,22.500000000000004,55.107936425098195
1305,31.117021276595743,55.107936425098195
1306,32.07446808510638,55.107936425098195
1307,33.03191489361702,55.107936425098195
1308,33.98936170212766,55.107936425098195
1309,34.9468085106383,55.107936425098195
1310,35.90425531914894,55.107936425098195
1311,36.861702127659576,55.107936425098195
1312,37.819148936170215,55.107936425098195
1313,38.776595744680854,55.107936425098195
1314,40.69148936170213,55.107936425098195
1315,41.648936170212764,55.107936425098195
1316,42.6063829787234,55.107936425098195
1317,43.56382978723404,55.107936425098195
1318,44.52127659574468,55.107936425098195
1319,45.47872340425532,55.107936425098195
1320,46.43617021276595,55.107936425098195
1321,47.3936170212766,55.107936425098195
1322,48.35106382978723,55.107936425098195
1323,49.30851063829787,55.107936425098195
1324,50.265957446808514,55.107936425098195
1325,51.223404255319146,55.107936425098195
1326,52.18085106382978,55.107936425098195
1327,53.138297872340424,55.107936425098195
1328,54.09574468085106,55.107936425098195
1329,55.0531914893617,55.107936425098195
1330,56.01063829787234,55.107936425098195
1331,56.96808510638297,55.107936425098195
1332,57.925531914893625,55.107936425098195
1333,58.88297872340426,55.107936425098195
1334,59.84042553191489,55.107936425098195
1335,60.797872340425535,55.107936425098195
1336,61.75531914893617,55.107936425098195
1337,62.71276595744681,55.107936425098195
1338,63.670212765957444,55.107936425098195
1339,64.62765957446808,55.107936425098195
1340,67.5,55.107936425098195
1341,71.32978723404256,55.107936425098195
1342,72.28723404255318,55.107936425098195
1343,73.24468085106383,55.107936425098195
1344,75.1595744680851,55.107936425098195
1345,76.11702127659574,55.107936425098195
1346,77.07446808510639,55.107936425098195
1347,78.03191489361701,55.107936425098195
1348,78.98936170212765,55.107936425098195
1349,79.9468085106383,55.107936425098195
1350,80.90425531914894,55.107936425098195
1351,81.86170212765957,55.107936425098195
1352,82.81914893617021,55.107936425098195
1353,83.77659574468083,55.107936425098195
1354,84.7340425531915,55.107936425098195
1355,85.69148936170212,55.107936425098195
1356,86.64893617021276,55.107936425098195
1357,89.52127659574468,55.107936425098195
1358,90.47872340425533,55.107936425098195
1359,91.43617021276596,55.107936425098195
1360,94.30851063829786,55.107936425098195
1361,95.26595744680851,55.107936425098195
1362,96.22340425531915,55.107936425098195
1363,99.09574468085106,55.107936425098195
1364,104.8404255319149,55.107936425098195
1365,124.94680851063829,55.107936425098195
1366,20.36842105263158,54.724628409746536
1367,21.31578947368421,54.724628409746536
1368,22.263157894736846,54.724628409746536
1369,23.210526315789473,54.724628409746536
1370,30.789473684210524,54.724628409746536
1371,31.736842105263158,54.724628409746536
1372,32.684210526315795,54.724628409746536
1373,33.63157894736842,54.724628409746536
1374,34.57894736842105,54.724628409746536
1375,35.526315789473685,54.724628409746536
1376,36.473684210526315,54.724628409746536
1377,37.42105263157895,54.724628409746536
1378,38.36842105263158,54.724628409746536
1379,39.31578947368421,54.724628409746536
1380,40.26315789473684,54.724628409746536
1381,42.15789473684211,54.724628409746536
1382,43.10526315789474,54.724628409746536
1383,44.05263157894736,54.724628409746536
1384,45.0,54.724628409746536
1385,45.94736842105263,54.724628409746536
1386,46.89473684210527,54.724628409746536
1387,47.8421052631579,54.724628409746536
1388,48.78947368421053,54.724628409746536
1389,49.73684210526316,54.724628409746536
1390,50.68421052631579,54.724628409746536
1391,51.63157894736842,54.724628409746536
1392,52.578947368421055,54.724628409746536
1393,53.526315789473685,54.724628409746536
1394,54.473684210526315,54.724628409746536
1395,55.421052631578945,54.724628409746536
1396,56.36842105263158,54.724628409746536
1397,57.315789473684205,54.724628409746536
1398,58.26315789473684,54.724628409746536
1399,59.21052631578947,54.724628409746536
1400,60.15789473684211,54.724628409746536
1401,61.10526315789473,54.724628409746536
1402,62.05263157894738,54.724628409746536
1403,63.0,54.724628409746536
1404,63.94736842105264,54.724628409746536
1405,66.78947368421052,54.724628409746536
1406,67.73684210526316,54.724628409746536
1407,71.52631578947368,54.724628409746536
1408,72.47368421052632,54.724628409746536
1409,73.42105263157895,54.724628409746536
1410,74.36842105263158,54.724628409746536
1411,75.3157894736842,54.724628409746536
1412,76.26315789473684,54.724628409746536
1413,77.21052631578947,54.724628409746536
1414,78.1578947368421,54.724628409746536
1415,79.10526315789474,54.724628409746536
1416,81.0,54.724628409746536
1417,81.94736842105262,54.724628409746536
1418,82.89473684210526,54.724628409746536
1419,83.8421052631579,54.724628409746536
1420,84.78947368421052,54.724628409746536
1421,85.73684210526316,54.724628409746536
1422,86.6842105263158,54.724628409746536
1423,88.57894736842105,54.724628409746536
1424,89.52631578947368,54.724628409746536
1425,90.47368421052632,54.724628409746536
1426,91.42105263157895,54.724628409746536
1427,94.26315789473685,54.724628409746536
1428,99.00000000000001,54.724628409746536
1429,99.94736842105263,54.724628409746536
1430,101.84210526315789,54.724628409746536
1431,102.78947368421052,54.724628409746536
1432,105.63157894736842,54.724628409746536
1433,110.36842105263159,54.724628409746536
1434,111.3157894736842,54.724628409746536
1435,124.57894736842105,54.724628409746536
1436,135.0,54.724628409746536
1437,158.68421052631578,54.724628409746536
1438,20.15625,54.34091230386124
1439,21.09375,54.34091230386124
1440,22.03125,54.34091230386124
1441,22.96875,54.34091230386124
1442,31.40625,54.34091230386124
1443,32.34375,54.34091230386124
1444,33.28125000000001,54.34091230386124
1445,34.21874999999999,54.34091230386124
1446,35.15625,54.34091230386124
1447,36.09375,54.34091230386124
1448,37.03125,54.34091230386124
1449,37.96875,54.34091230386124
1450,38.90625,54.34091230386124
1451,39.84375,54.34091230386124
1452,40.78124999999999,54.34091230386124
1453,41.71875,54.34091230386124
1454,42.65625,54.34091230386124
1455,43.59375,54.34091230386124
1456,44.53125,54.34091230386124
1457,45.46874999999999,54.34091230386124
1458,46.40625,54.34091230386124
1459,47.34375,54.34091230386124
1460,49.21875000000001,54.34091230386124
1461,50.15625,54.34091230386124
1462,51.09374999999999,54.34091230386124
1463,52.03125,54.34091230386124
1464,52.96875,54.34091230386124
1465,53.90625000000001,54.34091230386124
1466,54.84375,54.34091230386124
1467,55.78125,54.34091230386124
1468,56.71875,54.34091230386124
1469,57.65624999999999,54.34091230386124
1470,58.59375,54.34091230386124
1471,59.53125000000001,54.34091230386124
1472,60.46875,54.34091230386124
1473,61.40625,54.34091230386124
1474,62.34374999999999,54.34091230386124
1475,63.28125,54.34091230386124
1476,64.21875,54.34091230386124
1477,65.15625,54.34091230386124
1478,70.78124999999999,54.34091230386124
1479,72.65625,54.34091230386124
1480,74.53125,54.34091230386124
1481,76.40625,54.34091230386124
1482,77.34374999999999,54.34091230386124
1483,78.28125000000001,54.34091230386124
1484,81.09375,54.34091230386124
1485,82.03124999999999,54.34091230386124
1486,82.96875000000001,54.34091230386124
1487,83.90625,54.34091230386124
1488,84.84375,54.34091230386124
1489,85.78125,54.34091230386124
1490,86.71875,54.34091230386124
1491,87.65625000000001,54.34091230386124
1492,88.59375,54.34091230386124
1493,89.53125,54.34091230386124
1494,90.46875,54.34091230386124
1495,91.40625,54.34091230386124
1496,92.34374999999999,54.34091230386124
1497,93.28125,54.34091230386124
1498,98.90625,54.34091230386124
1499,99.84375,54.34091230386124
1500,101.71874999999999,54.34091230386124
1501,102.65625000000001,54.34091230386124
1502,103.59375,54.34091230386124
1503,105.46875,54.34091230386124
1504,110.15625,54.34091230386124
1505,111.09374999999999,54.34091230386124
1506,119.53125,54.34091230386124
1507,127.03124999999999,54.34091230386124
1508,127.96875,54.34091230386124
1509,135.46875,54.34091230386124
1510,158.90625,54.34091230386124
1511,32.01030927835052,53.95678248481786
1512,32.93814432989691,53.95678248481786
1513,33.865979381443296,53.95678248481786
1514,34.793814432989684,53.95678248481786
1515,35.72164948453608,53.95678248481786
1516,36.649484536082475,53.95678248481786
1517,37.577319587628864,53.95678248481786
1518,38.50515463917526,53.95678248481786
1519,39.43298969072165,53.95678248481786
1520,40.360824742268036,53.95678248481786
1521,41.28865979381444,53.95678248481786
1522,42.21649484536082,53.95678248481786
1523,43.144329896907216,53.95678248481786
1524,44.072164948453604,53.95678248481786
1525,45.0,53.95678248481786
1526,45.927835051546396,53.95678248481786
1527,46.855670103092784,53.95678248481786
1528,47.78350515463917,53.95678248481786
1529,48.71134020618557,53.95678248481786
1530,49.63917525773196,53.95678248481786
1531,50.567010309278345,53.95678248481786
1532,51.49484536082474,53.95678248481786
1533,52.42268041237113,53.95678248481786
1534,53.350515463917525,53.95678248481786
1535,54.27835051546392,53.95678248481786
1536,56.134020618556704,53.95678248481786
1537,57.06185567010309,53.95678248481786
1538,57.989690721649474,53.95678248481786
1539,58.91752577319588,53.95678248481786
1540,60.77319587628866,53.95678248481786
1541,61.701030927835056,53.95678248481786
1542,62.62886597938144,53.95678248481786
1543,73.76288659793813,53.95678248481786
1544,74.69072164948453,53.95678248481786
1545,75.61855670103093,53.95678248481786
1546,77.47422680412372,53.95678248481786
1547,78.4020618556701,53.95678248481786
1548,79.3298969072165,53.95678248481786
1549,80.25773195876289,53.95678248481786
1550,81.18556701030927,53.95678248481786
1551,82.11340206185568,53.95678248481786
1552,83.04123711340206,53.95678248481786
1553,83.96907216494846,53.95678248481786
1554,84.89690721649484,53.95678248481786
1555,85.82474226804123,53.95678248481786
1556,86.75257731958764,53.95678248481786
1557,87.68041237113403,53.95678248481786
1558,89.5360824742268,53.95678248481786
1559,90.4639175257732,53.95678248481786
1560,91.39175257731958,53.95678248481786
1561,92.31958762886597,53.95678248481786
1562,93.24742268041237,53.95678248481786
1563,102.5257731958763,53.95678248481786
1564,103.45360824742268,53.95678248481786
1565,106.23711340206185,53.95678248481786
1566,109.94845360824742,53.95678248481786
1567,110.8762886597938,53.95678248481786
1568,119.22680412371133,53.95678248481786
1569,120.15463917525773,53.95678248481786
1570,123.8659793814433,53.95678248481786
1571,125.72164948453607,53.95678248481786
1572,127.57731958762886,53.95678248481786
1573,128.50515463917526,53.95678248481786
1574,136.8556701030928,53.95678248481786
1575,33.52040816326531,53.57223328098856
1576,34.43877551020408,53.57223328098856
1577,35.357142857142854,53.57223328098856
1578,36.275510204081634,53.57223328098856
1579,37.19387755102041,53.57223328098856
1580,38.11224489795919,53.57223328098856
1581,39.03061224489796,53.57223328098856
1582,39.94897959183673,53.57223328098856
1583,40.86734693877551,53.57223328098856
1584,41.785714285714285,53.57223328098856
1585,43.62244897959184,53.57223328098856
1586,44.54081632653061,53.57223328098856
1587,45.45918367346939,53.57223328098856
1588,46.37755102040816,53.57223328098856
1589,47.295918367346935,53.57223328098856
1590,48.214285714285715,53.57223328098856
1591,49.13265306122449,53.57223328098856
1592,50.05102040816326,53.57223328098856
1593,50.96938775510204,53.57223328098856
1594,51.88775510204081,53.57223328098856
1595,52.80612244897959,53.57223328098856
1596,53.72448979591837,53.57223328098856
1597,54.642857142857146,53.57223328098856
1598,55.56122448979592,53.57223328098856
1599,57.39795918367347,53.57223328098856
1600,58.316326530612244,53.57223328098856
1601,59.23469387755102,53.57223328098856
1602,61.07142857142857,53.57223328098856
1603,73.92857142857143,53.57223328098856
1604,74.8469387755102,53.57223328098856
1605,77.60204081632652,53.57223328098856
1606,78.5204081632653,53.57223328098856
1607,79.43877551020407,53.57223328098856
1608,80.35714285714285,53.57223328098856
1609,81.27551020408164,53.57223328098856
1610,82.1938775510204,53.57223328098856
1611,83.11224489795919,53.57223328098856
1612,84.03061224489795,53.57223328098856
1613,84.94897959183673,53.57223328098856
1614,85.86734693877551,53.57223328098856
1615,86.78571428571429,53.57223328098856
1616,87.70408163265306,53.57223328098856
1617,88.62244897959182,53.57223328098856
1618,89.5408163265306,53.57223328098856
1619,90.45918367346938,53.57223328098856
1620,91.37755102040818,53.57223328098856
1621,92.29591836734694,53.57223328098856
1622,93.21428571428571,53.57223328098856
1623,102.39795918367346,53.57223328098856
1624,103.31632653061224,53.57223328098856
1625,106.07142857142857,53.57223328098856
1626,108.8265306122449,53.57223328098856
1627,109.74489795918367,53.57223328098856
1628,110.66326530612245,53.57223328098856
1629,119.8469387755102,53.57223328098856
1630,125.35714285714286,53.57223328098856
1631,128.11224489795916,53.57223328098856
1632,142.8061224489796,53.57223328098856
1633,158.4183673469388,53.57223328098856
1634,159.33673469387756,53.57223328098856
1635,31.363636363636363,53.18725897079298
1636,32.27272727272727,53.18725897079298
1637,33.18181818181818,53.18725897079298
1638,34.09090909090909,53.18725897079298
1639,35.0,53.18725897079298
1640,35.909090909090914,53.18725897079298
1641,36.81818181818181,53.18725897079298
1642,37.72727272727273,53.18725897079298
1643,38.63636363636363,53.18725897079298
1644,39.54545454545454,53.18725897079298
1645,40.45454545454546,53.18725897079298
1646,43.18181818181818,53.18725897079298
1647,44.090909090909086,53.18725897079298
1648,45.00000000000001,53.18725897079298
1649,45.909090909090914,53.18725897079298
1650,46.81818181818182,53.18725897079298
1651,47.72727272727273,53.18725897079298
1652,48.63636363636363,53.18725897079298
1653,49.54545454545454,53.18725897079298
1654,50.45454545454545,53.18725897079298
1655,51.36363636363636,53.18725897079298
1656,52.27272727272728,53.18725897079298
1657,54.090909090909086,53.18725897079298
1658,55.0,53.18725897079298
1659,55.90909090909091,53.18725897079298
1660,56.81818181818181,53.18725897079298
1661,57.727272727272734,53.18725897079298
1662,58.63636363636364,53.18725897079298
1663,61.36363636363637,53.18725897079298
1664,77.72727272727272,53.18725897079298
1665,78.63636363636363,53.18725897079298
1666,79.54545454545453,53.18725897079298
1667,80.45454545454547,53.18725897079298
1668,81.36363636363637,53.18725897079298
1669,82.27272727272728,53.18725897079298
1670,83.18181818181819,53.18725897079298
1671,84.0909090909091,53.18725897079298
1672,85.0,53.18725897079298
1673,85.9090909090909,53.18725897079298
1674,86.81818181818181,53.18725897079298
1675,87.72727272727272,53.18725897079298
1676,88.63636363636363,53.18725897079298
1677,89.54545454545453,53.18725897079298
1678,90.45454545454547,53.18725897079298
1679,91.36363636363637,53.18725897079298
1680,92.27272727272728,53.18725897079298
1681,93.18181818181819,53.18725897079298
1682,102.27272727272727,53.18725897079298
1683,103.18181818181817,53.18725897079298
1684,104.09090909090908,53.18725897079298
1685,106.81818181818181,53.18725897079298
1686,108.63636363636363,53.18725897079298
1687,109.54545454545455,53.18725897079298
1688,116.81818181818181,53.18725897079298
1689,133.18181818181816,53.18725897079298
1690,140.45454545454547,53.18725897079298
1691,143.1818181818182,53.18725897079298
1692,155.90909090909093,53.18725897079298
1693,156.81818181818184,53.18725897079298
1694,157.72727272727275,53.18725897079298
1695,158.63636363636365,53.18725897079298
1696,159.54545454545456,53.18725897079298
1697,31.950000000000003,52.80185378173063
1698,32.85,52.80185378173063
1699,33.75,52.80185378173063
1700,34.65,52.80185378173063
1701,36.449999999999996,52.80185378173063
1702,38.25,52.80185378173063
1703,39.14999999999999,52.80185378173063
1704,40.050000000000004,52.80185378173063
1705,41.85,52.80185378173063
1706,42.75,52.80185378173063
1707,43.65,52.80185378173063
1708,45.449999999999996,52.80185378173063
1709,46.35,52.80185378173063
1710,47.25,52.80185378173063
1711,48.15,52.80185378173063
1712,49.05,52.80185378173063
1713,49.95,52.80185378173063
1714,51.75000000000001,52.80185378173063
1715,52.65,52.80185378173063
1716,53.55,52.80185378173063
1717,54.45,52.80185378173063
1718,55.35,52.80185378173063
1719,56.24999999999999,52.80185378173063
1720,57.15,52.80185378173063
1721,58.050000000000004,52.80185378173063
1722,58.949999999999996,52.80185378173063
1723,60.75,52.80185378173063
1724,77.85,52.80185378173063
1725,78.74999999999999,52.80185378173063
1726,79.65,52.80185378173063
1727,80.55,52.80185378173063
1728,81.45,52.80185378173063
1729,82.35,52.80185378173063
1730,85.05,52.80185378173063
1731,85.95,52.80185378173063
1732,86.85,52.80185378173063
1733,87.75,52.80185378173063
1734,91.35000000000001,52.80185378173063
1735,92.25,52.80185378173063
1736,93.14999999999999,52.80185378173063
1737,103.04999999999998,52.80185378173063
1738,103.95,52.80185378173063
1739,104.85000000000001,52.80185378173063
1740,105.75,52.80185378173063
1741,106.64999999999999,52.80185378173063
1742,108.45,52.80185378173063
1743,109.35000000000001,52.80185378173063
1744,111.14999999999999,52.80185378173063
1745,114.75000000000001,52.80185378173063
1746,115.65,52.80185378173063
1747,116.55,52.80185378173063
1748,117.45,52.80185378173063
1749,119.25000000000001,52.80185378173063
1750,132.75,52.80185378173063
1751,139.95,52.80185378173063
1752,156.15,52.80185378173063
1753,157.05,52.80185378173063
1754,157.95,52.80185378173063
1755,158.85,52.80185378173063
1756,31.633663366336634,52.416011889394284
1757,32.524752475247524,52.416011889394284
1758,33.415841584158414,52.416011889394284
1759,34.30693069306931,52.416011889394284
1760,35.1980198019802,52.416011889394284
1761,37.87128712871287,52.416011889394284
1762,38.76237623762376,52.416011889394284
1763,39.65346534653466,52.416011889394284
1764,40.54455445544554,52.416011889394284
1765,41.43564356435643,52.416011889394284
1766,42.32673267326732,52.416011889394284
1767,43.21782178217821,52.416011889394284
1768,44.10891089108911,52.416011889394284
1769,46.78217821782179,52.416011889394284
1770,47.67326732673268,52.416011889394284
1771,48.56435643564356,52.416011889394284
1772,49.45544554455446,52.416011889394284
1773,50.34653465346534,52.416011889394284
1774,51.237623762376245,52.416011889394284
1775,52.12871287128713,52.416011889394284
1776,53.01980198019802,52.416011889394284
1777,54.8019801980198,52.416011889394284
1778,55.69306930693069,52.416011889394284
1779,56.584158415841586,52.416011889394284
1780,57.475247524752476,52.416011889394284
1781,58.36633663366337,52.416011889394284
1782,59.257425742574256,52.416011889394284
1783,60.148514851485146,52.416011889394284
1784,61.03960396039604,52.416011889394284
1785,78.86138613861387,52.416011889394284
1786,79.75247524752476,52.416011889394284
1787,80.64356435643565,52.416011889394284
1788,81.53465346534652,52.416011889394284
1789,83.31683168316832,52.416011889394284
1790,84.20792079207922,52.416011889394284
1791,85.0990099009901,52.416011889394284
1792,85.99009900990099,52.416011889394284
1793,86.88118811881188,52.416011889394284
1794,87.77227722772277,52.416011889394284
1795,89.55445544554455,52.416011889394284
1796,90.44554455445545,52.416011889394284
1797,92.22772277227723,52.416011889394284
1798,94.00990099009901,52.416011889394284
1799,100.24752475247524,52.416011889394284
1800,103.81188118811882,52.416011889394284
1801,104.70297029702971,52.416011889394284
1802,106.48514851485147,52.416011889394284
1803,107.37623762376239,52.416011889394284
1804,109.15841584158416,52.416011889394284
1805,110.04950495049505,52.416011889394284
1806,111.83168316831684,52.416011889394284
1807,112.72277227722772,52.416011889394284
1808,113.61386138613862,52.416011889394284
1809,114.5049504950495,52.416011889394284
1810,116.28712871287127,52.416011889394284
1811,117.17821782178218,52.416011889394284
1812,118.96039603960395,52.416011889394284
1813,127.87128712871286,52.416011889394284
1814,133.21782178217822,52.416011889394284
1815,140.34653465346534,52.416011889394284
1816,143.019801980198,52.416011889394284
1817,32.205882352941174,52.029727416464176
1818,33.08823529411765,52.029727416464176
1819,33.970588235294116,52.029727416464176
1820,34.852941176470594,52.029727416464176
1821,35.73529411764706,52.029727416464176
1822,36.617647058823536,52.029727416464176
1823,37.5,52.029727416464176
1824,38.38235294117647,52.029727416464176
1825,39.26470588235294,52.029727416464176
1826,40.14705882352941,52.029727416464176
1827,41.029411764705884,52.029727416464176
1828,41.911764705882355,52.029727416464176
1829,42.794117647058826,52.029727416464176
1830,47.205882352941174,52.029727416464176
1831,48.970588235294116,52.029727416464176
1832,49.85294117647059,52.029727416464176
1833,50.73529411764706,52.029727416464176
1834,51.61764705882353,52.029727416464176
1835,52.5,52.029727416464176
1836,53.38235294117647,52.029727416464176
1837,54.26470588235294,52.029727416464176
1838,55.147058823529406,52.029727416464176
1839,56.029411764705884,52.029727416464176
1840,56.91176470588235,52.029727416464176
1841,57.794117647058826,52.029727416464176
1842,58.67647058823529,52.029727416464176
1843,59.55882352941176,52.029727416464176
1844,78.97058823529412,52.029727416464176
1845,79.8529411764706,52.029727416464176
1846,80.73529411764706,52.029727416464176
1847,81.61764705882352,52.029727416464176
1848,82.50000000000001,52.029727416464176
1849,83.38235294117648,52.029727416464176
1850,84.26470588235294,52.029727416464176
1851,85.1470588235294,52.029727416464176
1852,86.02941176470588,52.029727416464176
1853,86.91176470588235,52.029727416464176
1854,87.79411764705883,52.029727416464176
1855,93.97058823529412,52.029727416464176
1856,94.85294117647058,52.029727416464176
1857,101.91176470588236,52.029727416464176
1858,103.67647058823529,52.029727416464176
1859,104.55882352941177,52.029727416464176
1860,105.44117647058823,52.029727416464176
1861,106.32352941176471,52.029727416464176
1862,107.20588235294117,52.029727416464176
1863,108.08823529411765,52.029727416464176
1864,108.97058823529412,52.029727416464176
1865,109.85294117647058,52.029727416464176
1866,110.73529411764706,52.029727416464176
1867,112.5,52.029727416464176
1868,113.38235294117646,52.029727416464176
1869,114.26470588235294,52.029727416464176
1870,116.91176470588236,52.029727416464176
1871,117.79411764705884,52.029727416464176
1872,118.6764705882353,52.029727416464176
1873,127.50000000000001,52.029727416464176
1874,135.44117647058826,52.029727416464176
1875,143.38235294117646,52.029727416464176
1876,34.51456310679612,51.64299443168207
1877,35.3883495145631,51.64299443168207
1878,36.262135922330096,51.64299443168207
1879,37.13592233009709,51.64299443168207
1880,38.009708737864074,51.64299443168207
1881,38.883495145631066,51.64299443168207
1882,40.631067961165044,51.64299443168207
1883,41.504854368932044,51.64299443168207
1884,42.37864077669902,51.64299443168207
1885,43.25242718446602,51.64299443168207
1886,44.126213592233015,51.64299443168207
1887,45.0,51.64299443168207
1888,45.87378640776699,51.64299443168207
1889,48.49514563106796,51.64299443168207
1890,50.24271844660194,51.64299443168207
1891,52.86407766990291,51.64299443168207
1892,53.737864077669904,51.64299443168207
1893,54.61165048543689,51.64299443168207
1894,55.48543689320388,51.64299443168207
1895,56.35922330097087,51.64299443168207
1896,57.23300970873787,51.64299443168207
1897,58.10679611650485,51.64299443168207
1898,58.98058252427184,51.64299443168207
1899,59.85436893203884,51.64299443168207
1900,79.9514563106796,51.64299443168207
1901,80.82524271844659,51.64299443168207
1902,81.6990291262136,51.64299443168207
1903,82.57281553398059,51.64299443168207
1904,83.44660194174757,51.64299443168207
1905,84.32038834951456,51.64299443168207
1906,86.06796116504853,51.64299443168207
1907,86.94174757281554,51.64299443168207
1908,93.05825242718447,51.64299443168207
1909,94.80582524271844,51.64299443168207
1910,95.67961165048544,51.64299443168207
1911,101.79611650485437,51.64299443168207
1912,103.54368932038834,51.64299443168207
1913,104.41747572815534,51.64299443168207
1914,105.29126213592234,51.64299443168207
1915,107.03883495145631,51.64299443168207
1916,107.9126213592233,51.64299443168207
1917,108.78640776699028,51.64299443168207
1918,109.66019417475728,51.64299443168207
1919,110.53398058252426,51.64299443168207
1920,112.28155339805825,51.64299443168207
1921,114.02912621359222,51.64299443168207
1922,116.6504854368932,51.64299443168207
1923,117.52427184466019,51.64299443168207
1924,118.39805825242719,51.64299443168207
1925,119.27184466019418,51.64299443168207
1926,120.14563106796116,51.64299443168207
1927,128.00970873786406,51.64299443168207
1928,135.0,51.64299443168207
1929,135.873786407767,51.64299443168207
1930,138.49514563106797,51.64299443168207
1931,139.36893203883497,51.64299443168207
1932,140.24271844660194,51.64299443168207
1933,141.11650485436894,51.64299443168207
1934,141.9902912621359,51.64299443168207
1935,142.8640776699029,51.64299443168207
1936,34.182692307692314,51.25580694880489
1937,35.04807692307693,51.25580694880489
1938,35.91346153846154,51.25580694880489
1939,36.77884615384615,51.25580694880489
1940,37.64423076923077,51.25580694880489
1941,38.50961538461539,51.25580694880489
1942,39.375,51.25580694880489
1943,40.24038461538461,51.25580694880489
1944,41.97115384615385,51.25580694880489
1945,42.83653846153847,51.25580694880489
1946,43.70192307692307,51.25580694880489
1947,44.567307692307686,51.25580694880489
1948,48.02884615384615,51.25580694880489
1949,51.49038461538461,51.25580694880489
1950,53.22115384615385,51.25580694880489
1951,54.08653846153846,51.25580694880489
1952,54.95192307692307,51.25580694880489
1953,55.817307692307686,51.25580694880489
1954,57.54807692307692,51.25580694880489
1955,58.41346153846153,51.25580694880489
1956,60.144230769230774,51.25580694880489
1957,61.00961538461538,51.25580694880489
1958,80.04807692307692,51.25580694880489
1959,80.91346153846155,51.25580694880489
1960,81.77884615384616,51.25580694880489
1961,82.64423076923077,51.25580694880489
1962,83.50961538461539,51.25580694880489
1963,85.2403846153846,51.25580694880489
1964,86.10576923076924,51.25580694880489
1965,89.5673076923077,51.25580694880489
1966,90.4326923076923,51.25580694880489
1967,91.29807692307692,51.25580694880489
1968,92.16346153846153,51.25580694880489
1969,93.02884615384615,51.25580694880489
1970,93.89423076923076,51.25580694880489
1971,94.7596153846154,51.25580694880489
1972,95.625,51.25580694880489
1973,102.54807692307692,51.25580694880489
1974,104.27884615384616,51.25580694880489
1975,105.14423076923077,51.25580694880489
1976,106.00961538461539,51.25580694880489
1977,106.875,51.25580694880489
1978,107.7403846153846,51.25580694880489
1979,108.60576923076924,51.25580694880489
1980,109.47115384615385,51.25580694880489
1981,110.33653846153847,51.25580694880489
1982,112.93269230769229,51.25580694880489
1983,114.66346153846153,51.25580694880489
1984,115.52884615384616,51.25580694880489
1985,116.39423076923076,51.25580694880489
1986,118.125,51.25580694880489
1987,118.99038461538463,51.25580694880489
1988,119.85576923076923,51.25580694880489
1989,127.64423076923077,51.25580694880489
1990,128.5096153846154,51.25580694880489
1991,132.83653846153845,51.25580694880489
1992,135.43269230769232,51.25580694880489
1993,138.89423076923075,51.25580694880489
1994,140.62499999999997,51.25580694880489
1995,142.35576923076923,51.25580694880489
1996,143.22115384615384,51.25580694880489
1997,156.20192307692307,51.25580694880489
1998,35.57142857142858,50.86815892553735
1999,36.42857142857142,50.86815892553735
2000,37.285714285714285,50.86815892553735
2001,38.142857142857146,50.86815892553735
2002,39.0,50.86815892553735
2003,39.857142857142854,50.86815892553735
2004,40.714285714285715,50.86815892553735
2005,41.57142857142857,50.86815892553735
2006,42.42857142857144,50.86815892553735
2007,43.285714285714285,50.86815892553735
2008,44.14285714285714,50.86815892553735
2009,45.0,50.86815892553735
2010,46.714285714285715,50.86815892553735
2011,54.42857142857143,50.86815892553735
2012,55.285714285714285,50.86815892553735
2013,56.142857142857146,50.86815892553735
2014,58.71428571428572,50.86815892553735
2015,61.285714285714285,50.86815892553735
2016,80.14285714285715,50.86815892553735
2017,81.0,50.86815892553735
2018,81.85714285714285,50.86815892553735
2019,83.57142857142857,50.86815892553735
2020,84.42857142857143,50.86815892553735
2021,85.28571428571429,50.86815892553735
2022,86.14285714285714,50.86815892553735
2023,89.57142857142858,50.86815892553735
2024,90.42857142857143,50.86815892553735
2025,92.14285714285714,50.86815892553735
2026,94.71428571428572,50.86815892553735
2027,95.57142857142857,50.86815892553735
2028,102.42857142857143,50.86815892553735
2029,103.28571428571429,50.86815892553735
2030,104.14285714285714,50.86815892553735
2031,105.0,50.86815892553735
2032,105.85714285714285,50.86815892553735
2033,106.71428571428571,50.86815892553735
2034,107.57142857142858,50.86815892553735
2035,108.42857142857143,50.86815892553735
2036,109.28571428571429,50.86815892553735
2037,110.14285714285714,50.86815892553735
2038,111.85714285714285,50.86815892553735
2039,113.57142857142857,50.86815892553735
2040,114.42857142857143,50.86815892553735
2041,115.28571428571429,50.86815892553735
2042,117.85714285714286,50.86815892553735
2043,118.71428571428571,50.86815892553735
2044,128.14285714285714,50.86815892553735
2045,129.0,50.86815892553735
2046,132.42857142857142,50.86815892553735
2047,133.2857142857143,50.86815892553735
2048,141.85714285714286,50.86815892553735
2049,142.71428571428572,50.86815892553735
2050,155.57142857142858,50.86815892553735
2051,35.23584905660378,50.48004426244293
2052,36.08490566037736,50.48004426244293
2053,36.93396226415094,50.48004426244293
2054,37.78301886792453,50.48004426244293
2055,38.63207547169811,50.48004426244293
2056,39.4811320754717,50.48004426244293
2057,40.33018867924528,50.48004426244293
2058,41.179245283018865,50.48004426244293
2059,42.028301886792455,50.48004426244293
2060,42.87735849056604,50.48004426244293
2061,43.72641509433962,50.48004426244293
2062,44.57547169811321,50.48004426244293
2063,45.42452830188679,50.48004426244293
2064,60.70754716981133,50.48004426244293
2065,84.48113207547169,50.48004426244293
2066,86.17924528301887,50.48004426244293
2067,87.87735849056604,50.48004426244293
2068,94.66981132075472,50.48004426244293
2069,95.51886792452831,50.48004426244293
2070,103.16037735849056,50.48004426244293
2071,104.00943396226415,50.48004426244293
2072,104.85849056603773,50.48004426244293
2073,105.7075471698113,50.48004426244293
2074,106.55660377358491,50.48004426244293
2075,107.4056603773585,50.48004426244293
2076,108.25471698113208,50.48004426244293
2077,109.10377358490567,50.48004426244293
2078,109.95283018867924,50.48004426244293
2079,110.80188679245282,50.48004426244293
2080,111.65094339622642,50.48004426244293
2081,112.5,50.48004426244293
2082,113.34905660377358,50.48004426244293
2083,116.74528301886794,50.48004426244293
2084,117.59433962264151,50.48004426244293
2085,118.44339622641509,50.48004426244293
2086,119.29245283018868,50.48004426244293
2087,127.78301886792454,50.48004426244293
2088,128.63207547169813,50.48004426244293
2089,129.4811320754717,50.48004426244293
2090,132.87735849056602,50.48004426244293
2091,137.12264150943395,50.48004426244293
2092,142.21698113207546,50.48004426244293
2093,143.06603773584905,50.48004426244293
2094,155.80188679245285,50.48004426244293
2095,35.747663551401864,50.091456801832585
2096,36.58878504672897,50.091456801832585
2097,37.42990654205608,50.091456801832585
2098,38.271028037383175,50.091456801832585
2099,39.112149532710276,50.091456801832585
2100,39.953271028037385,50.091456801832585
2101,40.794392523364486,50.091456801832585
2102,41.635514018691595,50.091456801832585
2103,42.47663551401869,50.091456801832585
2104,43.3177570093458,50.091456801832585
2105,45.0,50.091456801832585
2106,45.841121495327094,50.091456801832585
2107,84.53271028037383,50.091456801832585
2108,85.37383177570094,50.091456801832585
2109,87.89719626168224,50.091456801832585
2110,95.46728971962617,50.091456801832585
2111,103.03738317757009,50.091456801832585
2112,103.8785046728972,50.091456801832585
2113,106.40186915887851,50.091456801832585
2114,107.24299065420561,50.091456801832585
2115,108.0841121495327,50.091456801832585
2116,108.92523364485982,50.091456801832585
2117,109.76635514018692,50.091456801832585
2118,110.60747663551402,50.091456801832585
2119,111.44859813084113,50.091456801832585
2120,112.28971962616822,50.091456801832585
2121,113.13084112149532,50.091456801832585
2122,113.97196261682242,50.091456801832585
2123,116.49532710280374,50.091456801832585
2124,117.33644859813084,50.091456801832585
2125,118.17757009345794,50.091456801832585
2126,119.01869158878506,50.091456801832585
2127,127.42990654205607,50.091456801832585
2128,128.2710280373832,50.091456801832585
2129,129.11214953271028,50.091456801832585
2130,129.9532710280374,50.091456801832585
2131,136.6822429906542,50.091456801832585
2132,142.57009345794393,50.091456801832585
2133,38.74999999999999,49.702390326630685
2134,39.583333333333336,49.702390326630685
2135,40.416666666666664,49.702390326630685
2136,41.25000000000001,49.702390326630685
2137,42.083333333333336,49.702390326630685
2138,42.916666666666664,49.702390326630685
2139,43.75,49.702390326630685
2140,45.416666666666664,49.702390326630685
2141,47.08333333333333,49.702390326630685
2142,85.41666666666667,49.702390326630685
2143,86.24999999999999,49.702390326630685
2144,95.41666666666666,49.702390326630685
2145,107.91666666666667,49.702390326630685
2146,111.25,49.702390326630685
2147,112.08333333333333,49.702390326630685
2148,112.91666666666666,49.702390326630685
2149,117.08333333333331,49.702390326630685
2150,127.91666666666666,49.702390326630685
2151,128.75,49.702390326630685
2152,129.58333333333334,49.702390326630685
2153,130.41666666666666,49.702390326630685
2154,131.25,49.702390326630685
2155,136.25,49.702390326630685
2156,137.08333333333334,49.702390326630685
2157,142.08333333333331,49.702390326630685
2158,142.91666666666669,49.702390326630685
2159,40.04587155963303,49.31283855921746
2160,41.69724770642202,49.31283855921746
2161,43.348623853211016,49.31283855921746
2162,44.174311926605505,49.31283855921746
2163,46.65137614678899,49.31283855921746
2164,86.28440366972478,49.31283855921746
2165,88.76146788990826,49.31283855921746
2166,130.04587155963304,49.31283855921746
2167,130.87155963302754,49.31283855921746
2168,131.69724770642202,49.31283855921746
2169,136.65137614678898,49.31283855921746
2170,139.95412844036696,49.31283855921746
2171,142.43119266055047,49.31283855921746
2172,143.25688073394494,49.31283855921746
2173,39.68181818181818,48.922795160247304
2174,40.50000000000001,48.922795160247304
2175,42.95454545454545,48.922795160247304
2176,43.77272727272727,48.922795160247304
2177,44.590909090909086,48.922795160247304
2178,45.409090909090914,48.922795160247304
2179,47.045454545454554,48.922795160247304
2180,130.5,48.922795160247304
2181,131.3181818181818,48.922795160247304
2182,132.95454545454544,48.922795160247304
2183,140.3181818181818,48.922795160247304
2184,141.95454545454547,48.922795160247304
2185,142.77272727272725,48.922795160247304
2186,40.13513513513514,48.5322537274423
2187,40.94594594594595,48.5322537274423
2188,41.75675675675676,48.5322537274423
2189,43.37837837837838,48.5322537274423
2190,44.189189189189186,48.5322537274423
2191,45.0,48.5322537274423
2192,45.81081081081081,48.5322537274423
2193,46.62162162162163,48.5322537274423
2194,130.94594594594594,48.5322537274423
2195,133.3783783783784,48.5322537274423
2196,134.1891891891892,48.5322537274423
2197,135.0,48.5322537274423
2198,139.86486486486487,48.5322537274423
2199,142.2972972972973,48.5322537274423
2200,39.776785714285715,48.141207794360284
2201,40.580357142857146,48.141207794360284
2202,41.38392857142857,48.141207794360284
2203,42.1875,48.141207794360284
2204,44.59821428571429,48.141207794360284
2205,45.40178571428571,48.141207794360284
2206,46.205357142857146,48.141207794360284
2207,132.1875,48.141207794360284
2208,133.79464285714286,48.141207794360284
2209,134.59821428571428,48.141207794360284
2210,135.4017857142857,48.141207794360284
2211,136.2053571428571,48.141207794360284
2212,137.00892857142856,48.141207794360284
2213,142.63392857142858,48.141207794360284
2214,38.6283185840708,47.749650829136584
2215,39.42477876106195,47.749650829136584
2216,40.2212389380531,47.749650829136584
2217,41.017699115044245,47.749650829136584
2218,43.40707964601769,47.749650829136584
2219,44.20353982300885,47.749650829136584
2220,45.0,47.749650829136584
2221,45.796460176991154,47.749650829136584
2222,46.5929203539823,47.749650829136584
2223,47.38938053097345,47.749650829136584
2224,48.1858407079646,47.749650829136584
2225,131.8141592920354,47.749650829136584
2226,132.61061946902655,47.749650829136584
2227,135.0,47.749650829136584
2228,135.79646017699116,47.749650829136584
2229,142.16814159292034,47.749650829136584
2230,38.28947368421052,47.35757623319898
2231,39.078947368421055,47.35757623319898
2232,39.86842105263158,47.35757623319898
2233,42.23684210526316,47.35757623319898
2234,43.81578947368421,47.35757623319898
2235,44.60526315789473,47.35757623319898
2236,45.39473684210527,47.35757623319898
2237,46.184210526315795,47.35757623319898
2238,46.973684210526315,47.35757623319898
2239,47.76315789473684,47.35757623319898
2240,134.6052631578947,47.35757623319898
2241,135.3947368421053,47.35757623319898
2242,138.55263157894737,47.35757623319898
2243,142.5,47.35757623319898
2244,38.73913043478261,46.96497733995481
2245,39.52173913043479,46.96497733995481
2246,40.30434782608695,46.96497733995481
2247,41.08695652173913,46.96497733995481
2248,41.869565217391305,46.96497733995481
2249,42.65217391304348,46.96497733995481
2250,43.434782608695656,46.96497733995481
2251,44.21739130434782,46.96497733995481
2252,47.34782608695652,46.96497733995481
2253,48.91304347826087,46.96497733995481
2254,134.21739130434784,46.96497733995481
2255,135.0,46.96497733995481
2256,135.7826086956522,46.96497733995481
2257,138.13043478260872,46.96497733995481
2258,142.0434782608696,46.96497733995481
2259,142.82608695652175,46.96497733995481
2260,38.4051724137931,46.57184741344958
2261,39.18103448275862,46.57184741344958
2262,39.956896551724135,46.57184741344958
2263,41.50862068965517,46.57184741344958
2264,42.28448275862068,46.57184741344958
2265,43.83620689655172,46.57184741344958
2266,44.612068965517246,46.57184741344958
2267,46.16379310344828,46.57184741344958
2268,47.71551724137931,46.57184741344958
2269,49.26724137931034,46.57184741344958
2270,134.61206896551724,46.57184741344958
2271,138.49137931034483,46.57184741344958
2272,141.59482758620692,46.57184741344958
2273,142.37068965517244,46.57184741344958
2274,143.14655172413794,46.57184741344958
2275,38.07692307692308,46.1781796469964
2276,38.84615384615385,46.1781796469964
2277,39.61538461538461,46.1781796469964
2278,40.38461538461539,46.1781796469964
2279,41.15384615384615,46.1781796469964
2280,41.92307692307692,46.1781796469964
2281,42.69230769230769,46.1781796469964
2282,44.23076923076923,46.1781796469964
2283,45.76923076923077,46.1781796469964
2284,48.07692307692307,46.1781796469964
2285,134.23076923076923,46.1781796469964
2286,138.07692307692307,46.1781796469964
2287,141.9230769230769,46.1781796469964
2288,143.46153846153845,46.1781796469964
2289,38.516949152542374,45.78396716177502
2290,39.27966101694915,45.78396716177502
2291,40.04237288135594,45.78396716177502
2292,40.80508474576271,45.78396716177502
2293,41.56779661016949,45.78396716177502
2294,43.093220338983045,45.78396716177502
2295,44.618644067796616,45.78396716177502
2296,46.90677966101695,45.78396716177502
2297,47.66949152542372,45.78396716177502
2298,133.8559322033898,45.78396716177502
2299,134.6186440677966,45.78396716177502
2300,137.66949152542372,45.78396716177502
2301,36.68067226890756,45.38920300540005
2302,37.43697478991597,45.38920300540005
2303,38.193277310924366,45.38920300540005
2304,38.94957983193277,45.38920300540005
2305,39.70588235294118,45.38920300540005
2306,40.462184873949575,45.38920300540005
2307,41.21848739495798,45.38920300540005
2308,41.97478991596639,45.38920300540005
2309,43.4873949579832,45.38920300540005
2310,44.24369747899159,45.38920300540005
2311,47.26890756302521,45.38920300540005
2312,133.48739495798318,45.38920300540005
2313,134.2436974789916,45.38920300540005
2314,136.5126050420168,45.38920300540005
2315,137.2689075630252,45.38920300540005
2316,147.85714285714286,45.38920300540005
2317,37.125,44.993880150457116
2318,37.875,44.993880150457116
2319,38.62499999999999,44.993880150457116
2320,39.375,44.993880150457116
2321,40.125,44.993880150457116
2322,40.87499999999999,44.993880150457116
2323,41.625,44.993880150457116
2324,42.375,44.993880150457116
2325,43.125,44.993880150457116
2326,43.875,44.993880150457116
2327,44.625,44.993880150457116
2328,130.875,44.993880150457116
2329,132.375,44.993880150457116
2330,133.125,44.993880150457116
2331,135.37499999999997,44.993880150457116
2332,136.125,44.993880150457116
2333,147.375,44.993880150457116
2334,148.125,44.993880150457116
2335,37.56198347107438,44.59799149300626
2336,38.30578512396694,44.59799149300626
2337,39.049586776859506,44.59799149300626
2338,39.79338842975206,44.59799149300626
2339,40.53719008264463,44.59799149300626
2340,41.28099173553719,44.59799149300626
2341,42.02479338842975,44.59799149300626
2342,43.51239669421487,44.59799149300626
2343,44.256198347107436,44.59799149300626
2344,45.743801652892564,44.59799149300626
2345,46.48760330578512,44.59799149300626
2346,132.7685950413223,44.59799149300626
2347,133.51239669421486,44.59799149300626
2348,135.00000000000003,44.59799149300626
2349,135.74380165289259,44.59799149300626
2350,38.72950819672131,44.20152985105137
2351,39.4672131147541,44.20152985105137
2352,40.20491803278688,44.20152985105137
2353,40.942622950819676,44.20152985105137
2354,41.68032786885246,44.20152985105137
2355,42.41803278688525,44.20152985105137
2356,43.15573770491803,44.20152985105137
2357,43.893442622950815,44.20152985105137
2358,44.63114754098361,44.20152985105137
2359,46.10655737704918,44.20152985105137
2360,46.84426229508197,44.20152985105137
2361,131.68032786885246,44.20152985105137
2362,132.41803278688525,44.20152985105137
2363,133.155737704918,44.20152985105137
2364,133.89344262295083,44.20152985105137
2365,134.63114754098362,44.20152985105137
2366,135.3688524590164,44.20152985105137
2367,145.69672131147541,44.20152985105137
2368,146.43442622950818,44.20152985105137
2369,39.146341463414636,43.80448796297494
2370,39.8780487804878,43.80448796297494
2371,40.609756097560975,43.80448796297494
2372,41.34146341463414,43.80448796297494
2373,42.073170731707314,43.80448796297494
2374,42.80487804878049,43.80448796297494
2375,43.536585365853654,43.80448796297494
2376,44.268292682926834,43.80448796297494
2377,45.0,43.80448796297494
2378,45.731707317073166,43.80448796297494
2379,46.463414634146346,43.80448796297494
2380,131.34146341463415,43.80448796297494
2381,132.0731707317073,43.80448796297494
2382,133.53658536585368,43.80448796297494
2383,135.0,43.80448796297494
2384,135.73170731707316,43.80448796297494
2385,146.70731707317074,43.80448796297494
2386,40.28225806451613,43.406858485936986
2387,41.00806451612903,43.406858485936986
2388,41.733870967741936,43.406858485936986
2389,42.45967741935484,43.406858485936986
2390,43.18548387096774,43.406858485936986
2391,43.91129032258065,43.406858485936986
2392,44.63709677419355,43.406858485936986
2393,45.36290322580645,43.406858485936986
2394,46.08870967741936,43.406858485936986
2395,46.814516129032256,43.406858485936986
2396,131.73387096774195,43.406858485936986
2397,132.45967741935485,43.406858485936986
2398,134.63709677419357,43.406858485936986
2399,135.36290322580646,43.406858485936986
2400,41.4,43.008633994236924
2401,42.12,43.008633994236924
2402,42.84,43.008633994236924
2403,43.56,43.008633994236924
2404,44.28,43.008633994236924
2405,45.0,43.008633994236924
2406,45.72,43.008633994236924
2407,46.44,43.008633994236924
2408,47.160000000000004,43.008633994236924
2409,47.879999999999995,43.008633994236924
2410,132.12,43.008633994236924
2411,132.84,43.008633994236924
2412,133.56,43.008633994236924
2413,43.92857142857143,42.60980697763761
2414,44.64285714285714,42.60980697763761
2415,45.35714285714286,42.60980697763761
2416,46.07142857142857,42.60980697763761
2417,46.785714285714285,42.60980697763761
2418,47.5,42.60980697763761
2419,130.3571428571429,42.60980697763761
2420,133.21428571428572,42.60980697763761
2421,45.70866141732284,42.2103698396502
2422,46.417322834645674,42.2103698396502
2423,47.125984251968504,42.2103698396502
2424,47.83464566929134,42.2103698396502
2425,46.05468749999999,41.81031489577859
2426,46.75781249999999,41.81031489577859
2427,47.46093749999999,41.81031489577859
2428,48.1640625,41.81031489577859
2429,47.109375,41.411188638099254
2430,47.8125,41.411188638099254
2431,48.51562499999999,41.411188638099254
